PlayerName,CourseName,LayoutName,Date,Total,+/-,Hole1,Hole2,Hole3,Hole4,Hole5,Hole6,Hole7,Hole8,Hole9,Hole10,Hole11,Hole12,Hole13,Hole14,Hole15,Hole16,Hole17,Hole18,Hole19,Hole20
Par,Ford Amateur DiscGolfPark (A1),Main,2021-05-29 14:25,56,,3,3,3,3,3,4,3,3,3,3,3,3,4,3,3,3,3,3,,
Henkka,Ford Amateur DiscGolfPark (A1),Main,2021-05-29 14:25,63,7,3,4,4,5,3,5,3,3,3,4,3,4,3,4,3,2,3,4,,
Antti,Ford Amateur DiscGolfPark (A1),Main,2021-05-29 14:25,58,2,3,3,3,3,2,4,3,3,3,3,4,3,4,4,3,4,3,3,,
Teemu,Ford Amateur DiscGolfPark (A1),Main,2021-05-29 14:25,73,17,3,4,4,4,3,6,4,3,4,3,4,5,5,5,4,5,4,3,,
Ile,Ford Amateur DiscGolfPark (A1),Main,2021-05-29 14:25,68,12,3,5,5,3,4,4,4,4,3,3,3,4,5,4,3,4,3,4,,
Par,Ford DiscGolfPark,Blue layout 2021,2020-06-22 17:41,59,,4,3,4,3,4,3,3,3,3,3,4,4,3,3,3,3,3,3,,
Kimmo,Ford DiscGolfPark,Blue layout 2021,2020-06-22 17:41,85,26,5,5,7,3,6,3,5,3,5,4,8,6,4,6,4,3,5,3,,
Emma,Ford DiscGolfPark,Blue layout 2021,2020-06-22 17:41,91,32,8,4,7,3,7,4,4,5,7,5,6,6,3,5,4,4,6,3,,
Saikkis,Ford DiscGolfPark,Blue layout 2021,2020-06-22 17:41,72,13,6,4,5,3,4,3,3,3,4,4,4,5,4,5,3,3,5,4,,
Jouni,Ford DiscGolfPark,Blue layout 2021,2020-06-22 17:41,73,14,6,5,4,3,5,3,5,5,4,3,4,4,3,6,4,3,4,2,,
Henkka,Ford DiscGolfPark,Blue layout 2021,2020-06-22 17:41,70,11,6,3,4,3,4,4,4,4,5,3,5,5,3,4,3,3,3,4,,
Teemu,Ford DiscGolfPark,Blue layout 2021,2020-06-22 17:41,89,30,6,3,7,4,5,3,5,4,5,4,6,7,5,5,5,5,5,5,,
Par,Ford DiscGolfPark,Blue layout 2021,2021-06-21 16:34,60,,4,3,4,3,4,3,3,4,3,3,4,4,3,3,3,3,3,3,,
Teemu,Ford DiscGolfPark,Blue layout 2021,2021-06-21 16:34,92,32,8,3,5,5,6,4,5,8,4,5,7,7,4,5,5,4,4,3,,
Antti,Ford DiscGolfPark,Blue layout 2021,2021-06-21 16:34,84,24,5,4,4,4,5,4,6,7,5,3,8,5,3,5,5,4,4,3,,
Henu,Ford DiscGolfPark,Blue layout 2021,2021-06-21 16:34,86,26,5,5,5,6,4,4,4,7,3,3,7,7,4,5,4,4,4,5,,
Sampo,Ford DiscGolfPark,Blue layout 2021,2021-06-21 16:34,89,29,5,5,6,4,6,4,5,5,4,6,5,7,6,4,4,4,5,4,,
Par,Herusten Frisbeegolfrata ,Uusi Layout 2019,2021-04-17 18:17,58,,3,3,3,3,4,3,4,3,3,3,3,3,4,3,3,3,3,4,,
Henkka,Herusten Frisbeegolfrata ,Uusi Layout 2019,2021-04-17 18:17,64,6,3,4,3,6,4,4,5,3,3,2,3,2,6,4,3,3,3,3,,
Henu,Herusten Frisbeegolfrata ,Uusi Layout 2019,2021-04-17 18:17,75,17,4,4,6,2,7,3,5,5,4,3,6,3,4,3,4,4,4,4,,
Teemu,Herusten Frisbeegolfrata ,Uusi Layout 2019,2021-04-17 18:17,71,13,4,3,4,4,4,3,6,4,3,4,6,3,5,3,4,3,3,5,,
Antti,Herusten Frisbeegolfrata ,Uusi Layout 2019,2021-04-17 18:17,58,0,3,3,3,2,3,3,5,4,3,3,4,3,4,3,3,3,2,4,,
Par,Jokipuiston Koulun DiscGolfPark,Main,2021-06-28 18:51,21,,3,3,3,3,3,3,3,,,,,,,,,,,,,
Jouni,Jokipuiston Koulun DiscGolfPark,Main,2021-06-28 18:51,19,-2,2,3,2,3,3,2,4,,,,,,,,,,,,,
Henkka,Jokipuiston Koulun DiscGolfPark,Main,2021-06-28 18:51,18,-3,3,3,2,2,3,2,3,,,,,,,,,,,,,
Teemu,Jokipuiston Koulun DiscGolfPark,Main,2021-06-28 18:51,21,0,2,5,3,3,3,2,3,,,,,,,,,,,,,
Saikkis,Jokipuiston Koulun DiscGolfPark,Main,2021-06-28 18:51,19,-2,3,3,2,3,3,3,2,,,,,,,,,,,,,
Par,Jokipuiston Koulun DiscGolfPark,Main,2021-06-28 19:26,21,,3,3,3,3,3,3,3,,,,,,,,,,,,,
Jouni,Jokipuiston Koulun DiscGolfPark,Main,2021-06-28 19:26,17,-4,2,3,2,2,3,3,2,,,,,,,,,,,,,
Henkka,Jokipuiston Koulun DiscGolfPark,Main,2021-06-28 19:26,18,-3,2,3,2,3,3,3,2,,,,,,,,,,,,,
Teemu,Jokipuiston Koulun DiscGolfPark,Main,2021-06-28 19:26,21,0,4,3,3,3,3,2,3,,,,,,,,,,,,,
Saikkis,Jokipuiston Koulun DiscGolfPark,Main,2021-06-28 19:26,21,0,3,3,3,3,3,3,3,,,,,,,,,,,,,
Par,Kartanonkoski MultiGolfPark,Main,2020-06-22 21:05,27,,3,3,3,3,3,3,3,3,3,,,,,,,,,,,
Kimmo,Kartanonkoski MultiGolfPark,Main,2020-06-22 21:05,22,-5,2,2,2,3,3,2,2,2,4,,,,,,,,,,,
Emma,Kartanonkoski MultiGolfPark,Main,2020-06-22 21:05,26,-1,2,3,3,3,3,3,3,3,3,,,,,,,,,,,
Saikkis,Kartanonkoski MultiGolfPark,Main,2020-06-22 21:05,23,-4,3,3,3,2,2,2,3,2,3,,,,,,,,,,,
Jouni,Kartanonkoski MultiGolfPark,Main,2020-06-22 21:05,19,-8,2,3,2,2,2,2,2,2,2,,,,,,,,,,,
Henkka,Kartanonkoski MultiGolfPark,Main,2020-06-22 21:05,20,-7,3,2,2,2,2,2,2,2,3,,,,,,,,,,,
Teemu,Kartanonkoski MultiGolfPark,Main,2020-06-22 21:05,28,1,3,3,3,4,3,3,3,3,3,,,,,,,,,,,
Par,Kartanonkoski MultiGolfPark,Main,2020-06-22 21:46,27,,3,3,3,3,3,3,3,3,3,,,,,,,,,,,
Kimmo,Kartanonkoski MultiGolfPark,Main,2020-06-22 21:46,25,-2,3,3,3,2,3,2,2,3,4,,,,,,,,,,,
Emma,Kartanonkoski MultiGolfPark,Main,2020-06-22 21:46,25,-2,3,3,3,2,2,3,3,3,3,,,,,,,,,,,
Saikkis,Kartanonkoski MultiGolfPark,Main,2020-06-22 21:46,28,1,3,3,4,3,3,3,3,2,4,,,,,,,,,,,
Jouni,Kartanonkoski MultiGolfPark,Main,2020-06-22 21:46,20,-7,2,2,2,3,2,2,3,2,2,,,,,,,,,,,
Henkka,Kartanonkoski MultiGolfPark,Main,2020-06-22 21:46,29,2,4,3,3,3,3,3,2,3,5,,,,,,,,,,,
Teemu,Kartanonkoski MultiGolfPark,Main,2020-06-22 21:46,26,-1,3,3,4,3,2,2,3,2,4,,,,,,,,,,,
Par,Keinukallio Discgolf,Main,2021-06-19 16:29,62,,4,3,3,3,4,3,3,3,3,3,4,3,4,5,3,4,3,4,,
Teemu,Keinukallio Discgolf,Main,2021-06-19 16:29,102,40,9,6,4,4,6,4,6,5,4,3,4,5,8,10,5,7,5,7,,
Par,Keinukallio Discgolf,Main,2021-06-24 15:56,62,,4,3,3,3,4,3,3,3,3,3,4,3,4,5,3,4,3,4,,
Teemu,Keinukallio Discgolf,Main,2021-06-24 15:56,95,33,7,4,4,3,8,5,7,5,4,3,7,4,7,9,3,6,3,6,,
Henkka,Keinukallio Discgolf,Main,2021-06-24 15:56,85,23,7,3,4,3,6,3,5,3,4,3,5,4,6,8,4,6,6,5,,
Sampo,Keinukallio Discgolf,Main,2021-06-24 15:56,100,38,11,4,3,4,6,4,6,7,4,4,5,3,7,9,3,7,6,7,,
Ile,Keinukallio Discgolf,Main,2021-06-24 15:56,104,42,14,8,5,4,6,3,5,4,4,4,7,4,6,10,4,7,4,5,,
Par,Kivikko Frisbeegolf Park,Main,2021-05-10 16:51,56,,3,3,3,3,3,4,4,3,3,3,3,3,3,3,3,3,3,3,,
Teemu,Kivikko Frisbeegolf Park,Main,2021-05-10 16:51,71,15,3,4,5,4,4,4,5,4,4,6,4,4,4,2,4,3,4,3,,
Henkka,Kivikko Frisbeegolf Park,Main,2021-05-10 16:51,60,4,4,4,2,3,4,5,4,4,3,3,3,3,4,3,2,3,3,3,,
Antti,Kivikko Frisbeegolf Park,Main,2021-05-10 16:51,62,6,3,4,3,3,3,5,4,3,3,4,3,5,4,3,4,2,3,3,,
Par,Kivikko Frisbeegolf Park,Main,2021-06-05 18:01,56,,3,3,3,3,3,4,4,3,3,3,3,3,3,3,3,3,3,3,,
Teemu,Kivikko Frisbeegolf Park,Main,2021-06-05 18:01,71,15,3,4,3,5,4,4,5,4,4,4,7,4,5,2,3,3,3,4,,
Antti,Kivikko Frisbeegolf Park,Main,2021-06-05 18:01,62,6,5,4,4,3,4,4,4,3,3,3,3,3,3,3,3,3,4,3,,
Par,Lentolan Frisbeegolf,Main,2021-06-15 15:07,27,,3,3,3,3,3,3,3,3,3,,,,,,,,,,,
Teemu,Lentolan Frisbeegolf,Main,2021-06-15 15:07,28,1,3,3,3,3,3,3,3,4,3,,,,,,,,,,,
Henkka,Lentolan Frisbeegolf,Main,2021-06-15 15:07,25,-2,2,4,3,3,3,2,3,3,2,,,,,,,,,,,
Ile,Lentolan Frisbeegolf,Main,2021-06-15 15:07,29,2,3,3,4,3,3,2,3,5,3,,,,,,,,,,,
Par,Lentolan Frisbeegolf,Main,2021-06-15 16:00,27,,3,3,3,3,3,3,3,3,3,,,,,,,,,,,
Henkka,Lentolan Frisbeegolf,Main,2021-06-15 16:00,24,-3,2,3,2,3,3,2,3,3,3,,,,,,,,,,,
Teemu,Lentolan Frisbeegolf,Main,2021-06-15 16:00,29,2,3,3,3,4,3,3,3,4,3,,,,,,,,,,,
Ile,Lentolan Frisbeegolf,Main,2021-06-15 16:00,30,3,3,5,4,3,3,3,3,3,3,,,,,,,,,,,
Par,Lentolan Frisbeegolf,Main,2021-07-05 19:23,27,,3,3,3,3,3,3,3,3,3,,,,,,,,,,,
Teemu,Lentolan Frisbeegolf,Main,2021-07-05 19:23,28,1,3,3,3,4,4,2,2,4,3,,,,,,,,,,,
Kimmo,Lentolan Frisbeegolf,Main,2021-07-05 19:23,28,1,3,2,4,4,3,3,2,3,4,,,,,,,,,,,
Jouni,Lentolan Frisbeegolf,Main,2021-07-05 19:23,25,-2,3,2,3,2,4,3,3,2,3,,,,,,,,,,,
Kari,Lentolan Frisbeegolf,Main,2021-07-05 19:23,27,0,3,5,3,3,3,2,2,3,3,,,,,,,,,,,
Ile,Lentolan Frisbeegolf,Main,2021-07-05 19:23,29,2,3,4,3,4,3,2,3,3,4,,,,,,,,,,,
Par,Lentolan Frisbeegolf,Main,2021-07-05 20:14,27,,3,3,3,3,3,3,3,3,3,,,,,,,,,,,
Teemu,Lentolan Frisbeegolf,Main,2021-07-05 20:14,29,2,3,3,5,3,3,2,3,4,3,,,,,,,,,,,
Jouni,Lentolan Frisbeegolf,Main,2021-07-05 20:14,25,-2,3,3,2,3,3,2,3,3,3,,,,,,,,,,,
Kari,Lentolan Frisbeegolf,Main,2021-07-05 20:14,28,1,3,3,4,3,4,3,3,3,2,,,,,,,,,,,
Ile,Lentolan Frisbeegolf,Main,2021-07-05 20:14,29,2,3,3,3,4,3,3,3,3,4,,,,,,,,,,,
Par,Lentolan Frisbeegolf,Main,2021-07-05 21:12,27,,3,3,3,3,3,3,3,3,3,,,,,,,,,,,
Teemu,Lentolan Frisbeegolf,Main,2021-07-05 21:12,29,2,3,3,4,3,3,3,3,3,4,,,,,,,,,,,
Jouni,Lentolan Frisbeegolf,Main,2021-07-05 21:12,24,-3,2,3,2,3,3,3,3,3,2,,,,,,,,,,,
Kari,Lentolan Frisbeegolf,Main,2021-07-05 21:12,26,-1,3,3,3,3,3,2,2,3,4,,,,,,,,,,,
Par,Malminiitty,Vakio layout,2019-08-16 19:56,27,,3,3,3,3,3,3,3,3,3,,,,,,,,,,,
Kimmo,Malminiitty,Vakio layout,2019-08-16 19:56,32,5,2,3,3,3,6,3,4,4,4,,,,,,,,,,,
Emma,Malminiitty,Vakio layout,2019-08-16 19:56,35,8,3,3,4,4,4,4,5,4,4,,,,,,,,,,,
Jouni,Malminiitty,Vakio layout,2019-08-16 19:56,24,-3,3,3,2,2,3,3,3,3,2,,,,,,,,,,,
Saikkis,Malminiitty,Vakio layout,2019-08-16 19:56,25,-2,3,3,3,2,3,2,3,3,3,,,,,,,,,,,
Teemu,Malminiitty,Vakio layout,2019-08-16 19:56,29,2,2,3,4,2,3,3,4,3,5,,,,,,,,,,,
Henkka,Malminiitty,Vakio layout,2019-08-16 19:56,23,-4,2,2,2,2,3,3,3,3,3,,,,,,,,,,,
Par,Malminiitty,Vakio layout,2019-08-16 22:11,27,,3,3,3,3,3,3,3,3,3,,,,,,,,,,,
Kimmo,Malminiitty,Vakio layout,2019-08-16 22:11,28,1,3,3,4,3,3,3,4,2,3,,,,,,,,,,,
Emma,Malminiitty,Vakio layout,2019-08-16 22:11,36,9,4,4,5,4,4,4,4,3,4,,,,,,,,,,,
Jouni,Malminiitty,Vakio layout,2019-08-16 22:11,23,-4,2,3,2,3,2,3,3,3,2,,,,,,,,,,,
Saikkis,Malminiitty,Vakio layout,2019-08-16 22:11,28,1,3,3,3,3,4,4,3,2,3,,,,,,,,,,,
Henkka,Malminiitty,Vakio layout,2019-08-16 22:11,24,-3,2,2,2,3,3,3,3,3,3,,,,,,,,,,,
Teemu,Malminiitty,Vakio layout,2019-08-16 22:11,30,3,3,3,4,3,3,3,4,4,3,,,,,,,,,,,
Par,Malminiitty,Vakio layout,2020-03-27 17:41,27,,3,3,3,3,3,3,3,3,3,,,,,,,,,,,
Kimmo,Malminiitty,Vakio layout,2020-03-27 17:41,29,2,4,3,3,3,3,3,4,3,3,,,,,,,,,,,
Emma,Malminiitty,Vakio layout,2020-03-27 17:41,34,7,3,3,4,3,4,4,5,4,4,,,,,,,,,,,
Saikkis,Malminiitty,Vakio layout,2020-03-27 17:41,27,0,3,3,3,2,3,3,4,3,3,,,,,,,,,,,
Henkka,Malminiitty,Vakio layout,2020-03-27 17:41,24,-3,3,2,2,3,3,3,3,2,3,,,,,,,,,,,
Teemu,Malminiitty,Vakio layout,2020-03-27 17:41,30,3,3,2,3,4,2,5,3,5,3,,,,,,,,,,,
Saku,Malminiitty,Vakio layout,2020-03-27 17:41,31,4,3,3,4,3,3,3,4,3,5,,,,,,,,,,,
Par,Malminiitty,Vakio layout,2020-03-27 18:37,27,,3,3,3,3,3,3,3,3,3,,,,,,,,,,,
Kimmo,Malminiitty,Vakio layout,2020-03-27 18:37,35,8,4,3,4,3,4,4,5,3,5,,,,,,,,,,,
Emma,Malminiitty,Vakio layout,2020-03-27 18:37,37,10,4,3,3,3,5,4,5,6,4,,,,,,,,,,,
Saikkis,Malminiitty,Vakio layout,2020-03-27 18:37,28,1,4,3,4,3,2,3,3,3,3,,,,,,,,,,,
Henkka,Malminiitty,Vakio layout,2020-03-27 18:37,25,-2,3,3,2,2,3,3,3,3,3,,,,,,,,,,,
Teemu,Malminiitty,Vakio layout,2020-03-27 18:37,30,3,2,3,4,3,3,6,3,3,3,,,,,,,,,,,
Saku,Malminiitty,Vakio layout,2020-03-27 18:37,28,1,3,3,3,2,3,4,3,4,3,,,,,,,,,,,
Par,Malminiitty,Vakio layout,2020-04-24 17:06,27,,3,3,3,3,3,3,3,3,3,,,,,,,,,,,
Henkka,Malminiitty,Vakio layout,2020-04-24 17:06,28,1,2,2,3,5,2,3,4,4,3,,,,,,,,,,,
Teemu,Malminiitty,Vakio layout,2020-04-24 17:06,37,10,4,2,5,4,4,6,3,5,4,,,,,,,,,,,
Antti,Malminiitty,Vakio layout,2020-04-24 17:06,29,2,2,3,3,3,3,4,3,3,5,,,,,,,,,,,
Par,Malminiitty,Vakio layout,2020-04-24 17:59,27,,3,3,3,3,3,3,3,3,3,,,,,,,,,,,
Teemu,Malminiitty,Vakio layout,2020-04-24 17:59,33,6,3,3,3,4,7,3,3,4,3,,,,,,,,,,,
Antti,Malminiitty,Vakio layout,2020-04-24 17:59,29,2,3,3,3,2,4,4,4,3,3,,,,,,,,,,,
Henkka,Malminiitty,Vakio layout,2020-04-24 17:59,29,2,2,3,3,4,3,5,3,3,3,,,,,,,,,,,
Par,Malminiitty,Vakio layout,2020-04-24 18:51,27,,3,3,3,3,3,3,3,3,3,,,,,,,,,,,
Teemu,Malminiitty,Vakio layout,2020-04-24 18:51,39,12,3,3,4,3,4,7,5,7,3,,,,,,,,,,,
Antti,Malminiitty,Vakio layout,2020-04-24 18:51,29,2,3,3,3,3,4,4,3,3,3,,,,,,,,,,,
Henkka,Malminiitty,Vakio layout,2020-04-24 18:51,27,0,3,2,3,2,3,3,4,3,4,,,,,,,,,,,
Par,Malminiitty,Vakio layout,2020-04-24 19:33,27,,3,3,3,3,3,3,3,3,3,,,,,,,,,,,
Kimmo,Malminiitty,Vakio layout,2020-04-24 19:33,29,2,3,3,4,2,3,5,3,3,3,,,,,,,,,,,
Emma,Malminiitty,Vakio layout,2020-04-24 19:33,32,5,4,3,3,4,5,3,4,3,3,,,,,,,,,,,
Saikkis,Malminiitty,Vakio layout,2020-04-24 19:33,25,-2,2,3,4,2,3,3,3,2,3,,,,,,,,,,,
Henkka,Malminiitty,Vakio layout,2020-04-24 19:33,26,-1,3,3,2,2,3,3,4,2,4,,,,,,,,,,,
Teemu,Malminiitty,Vakio layout,2020-04-24 19:33,32,5,3,3,4,2,3,5,4,4,4,,,,,,,,,,,
Par,Malminiitty,Vakio layout,2020-04-24 20:16,27,,3,3,3,3,3,3,3,3,3,,,,,,,,,,,
Kimmo,Malminiitty,Vakio layout,2020-04-24 20:16,27,0,3,3,3,3,3,3,3,3,3,,,,,,,,,,,
Emma,Malminiitty,Vakio layout,2020-04-24 20:16,34,7,3,3,4,3,4,5,5,4,3,,,,,,,,,,,
Saikkis,Malminiitty,Vakio layout,2020-04-24 20:16,26,-1,2,2,3,3,3,3,3,4,3,,,,,,,,,,,
Henkka,Malminiitty,Vakio layout,2020-04-24 20:16,25,-2,3,2,3,2,3,3,3,2,4,,,,,,,,,,,
Teemu,Malminiitty,Vakio layout,2020-04-24 20:16,28,1,3,3,3,3,3,3,3,4,3,,,,,,,,,,,
Par,Malminiitty,Vakio layout,2020-04-24 21:13,27,,3,3,3,3,3,3,3,3,3,,,,,,,,,,,
Teemu,Malminiitty,Vakio layout,2020-04-24 21:13,30,3,3,3,4,3,3,3,3,4,4,,,,,,,,,,,
Antti,Malminiitty,Vakio layout,2020-04-24 21:13,27,0,2,2,3,3,3,4,4,3,3,,,,,,,,,,,
Henkka,Malminiitty,Vakio layout,2020-04-24 21:13,27,0,2,2,3,4,3,3,3,3,4,,,,,,,,,,,
Par,Malminiitty,Vakio layout,2020-05-08 17:20,27,,3,3,3,3,3,3,3,3,3,,,,,,,,,,,
Teemu,Malminiitty,Vakio layout,2020-05-08 17:20,28,1,3,2,4,3,4,3,2,3,4,,,,,,,,,,,
Antti,Malminiitty,Vakio layout,2020-05-08 17:20,25,-2,3,2,3,3,2,3,3,3,3,,,,,,,,,,,
Henkka,Malminiitty,Vakio layout,2020-05-08 17:20,24,-3,3,2,3,2,3,3,3,3,2,,,,,,,,,,,
Par,Malminiitty,Vakio layout,2020-05-08 18:05,27,,3,3,3,3,3,3,3,3,3,,,,,,,,,,,
Teemu,Malminiitty,Vakio layout,2020-05-08 18:05,32,5,3,4,3,4,3,3,5,3,4,,,,,,,,,,,
Antti,Malminiitty,Vakio layout,2020-05-08 18:05,27,0,3,2,3,3,3,3,4,3,3,,,,,,,,,,,
Henkka,Malminiitty,Vakio layout,2020-05-08 18:05,25,-2,2,3,2,3,2,3,4,3,3,,,,,,,,,,,
Par,Malminiitty,Vakio layout,2020-05-08 19:10,27,,3,3,3,3,3,3,3,3,3,,,,,,,,,,,
Kimmo,Malminiitty,Vakio layout,2020-05-08 19:10,27,0,3,3,3,3,2,4,3,2,4,,,,,,,,,,,
Emma,Malminiitty,Vakio layout,2020-05-08 19:10,31,4,4,3,4,3,3,4,3,3,4,,,,,,,,,,,
Saikkis,Malminiitty,Vakio layout,2020-05-08 19:10,26,-1,2,3,2,3,2,5,4,2,3,,,,,,,,,,,
Henkka,Malminiitty,Vakio layout,2020-05-08 19:10,25,-2,3,3,2,2,5,3,3,2,2,,,,,,,,,,,
Teemu,Malminiitty,Vakio layout,2020-05-08 19:10,30,3,4,3,3,2,3,3,4,3,5,,,,,,,,,,,
Par,Malminiitty,Vakio layout,2020-05-08 20:01,27,,3,3,3,3,3,3,3,3,3,,,,,,,,,,,
Teemu,Malminiitty,Vakio layout,2020-05-08 20:01,32,5,2,3,4,3,5,5,3,3,4,,,,,,,,,,,
Antti,Malminiitty,Vakio layout,2020-05-08 20:01,28,1,3,5,3,3,2,4,3,2,3,,,,,,,,,,,
Henkka,Malminiitty,Vakio layout,2020-05-08 20:01,28,1,3,3,3,3,3,4,3,4,2,,,,,,,,,,,
Par,Malminiitty,Vakio layout,2020-05-08 20:53,27,,3,3,3,3,3,3,3,3,3,,,,,,,,,,,
Teemu,Malminiitty,Vakio layout,2020-05-08 20:53,39,12,6,3,5,5,4,3,4,4,5,,,,,,,,,,,
Antti,Malminiitty,Vakio layout,2020-05-08 20:53,27,0,3,2,4,2,4,3,3,3,3,,,,,,,,,,,
Henkka,Malminiitty,Vakio layout,2020-05-08 20:53,32,5,3,3,4,5,4,4,3,3,3,,,,,,,,,,,
Par,Malminiitty,Vakio layout,2020-05-23 16:07,27,,3,3,3,3,3,3,3,3,3,,,,,,,,,,,
Teemu,Malminiitty,Vakio layout,2020-05-23 16:07,28,1,3,3,4,2,4,3,3,3,3,,,,,,,,,,,
Antti,Malminiitty,Vakio layout,2020-05-23 16:07,28,1,3,3,4,3,3,3,3,3,3,,,,,,,,,,,
Kari,Malminiitty,Vakio layout,2020-05-23 16:07,29,2,3,3,3,4,3,5,2,3,3,,,,,,,,,,,
Par,Malminiitty,Vakio layout,2020-05-23 16:58,27,,3,3,3,3,3,3,3,3,3,,,,,,,,,,,
Teemu,Malminiitty,Vakio layout,2020-05-23 16:58,35,8,3,4,4,3,3,5,3,6,4,,,,,,,,,,,
Antti,Malminiitty,Vakio layout,2020-05-23 16:58,29,2,3,3,3,4,3,3,3,4,3,,,,,,,,,,,
Kari,Malminiitty,Vakio layout,2020-05-23 16:58,28,1,3,2,4,4,4,3,3,2,3,,,,,,,,,,,
Par,Malminiitty,Vakio layout,2020-05-23 18:03,27,,3,3,3,3,3,3,3,3,3,,,,,,,,,,,
Teemu,Malminiitty,Vakio layout,2020-05-23 18:03,33,6,5,4,4,3,3,3,5,3,3,,,,,,,,,,,
Antti,Malminiitty,Vakio layout,2020-05-23 18:03,32,5,3,3,4,4,3,3,5,3,4,,,,,,,,,,,
Kari,Malminiitty,Vakio layout,2020-05-23 18:03,31,4,3,3,3,4,3,4,3,3,5,,,,,,,,,,,
Par,Malminiitty,Vakio layout,2020-05-29 19:09,27,,3,3,3,3,3,3,3,3,3,,,,,,,,,,,
Kimmo,Malminiitty,Vakio layout,2020-05-29 19:09,26,2,2,3,3,3,3,4,4,4,0,,,,,,,,,,,
Emma,Malminiitty,Vakio layout,2020-05-29 19:09,33,9,3,3,3,6,4,4,6,4,0,,,,,,,,,,,
Saikkis,Malminiitty,Vakio layout,2020-05-29 19:09,24,0,2,2,3,2,3,4,4,4,0,,,,,,,,,,,
Teemu,Malminiitty,Vakio layout,2020-05-29 19:09,29,5,3,3,3,3,4,4,6,3,0,,,,,,,,,,,
Saku,Malminiitty,Vakio layout,2020-05-29 19:09,27,3,4,3,3,3,3,4,4,3,0,,,,,,,,,,,
Par,Malminiitty,Vakio layout,2020-05-29 20:30,27,,3,3,3,3,3,3,3,3,3,,,,,,,,,,,
Teemu,Malminiitty,Vakio layout,2020-05-29 20:30,32,5,3,2,6,2,3,6,4,3,3,,,,,,,,,,,
Antti,Malminiitty,Vakio layout,2020-05-29 20:30,27,0,2,3,4,2,3,4,4,2,3,,,,,,,,,,,
Saku,Malminiitty,Vakio layout,2020-05-29 20:30,28,1,2,3,3,3,3,3,4,4,3,,,,,,,,,,,
Par,Malminiitty,Vakio layout,2020-06-12 21:55,27,,3,3,3,3,3,3,3,3,3,,,,,,,,,,,
Kimmo,Malminiitty,Vakio layout,2020-06-12 21:55,41,14,3,4,5,6,6,4,3,4,6,,,,,,,,,,,
Emma,Malminiitty,Vakio layout,2020-06-12 21:55,34,7,3,3,4,3,5,4,5,4,3,,,,,,,,,,,
Saikkis,Malminiitty,Vakio layout,2020-06-12 21:55,25,-2,2,2,3,2,3,4,3,2,4,,,,,,,,,,,
Henkka,Malminiitty,Vakio layout,2020-06-12 21:55,24,-3,3,2,2,3,3,3,2,3,3,,,,,,,,,,,
Teemu,Malminiitty,Vakio layout,2020-06-12 21:55,32,5,3,3,3,3,4,4,4,4,4,,,,,,,,,,,
Henu,Malminiitty,Vakio layout,2020-06-12 21:55,32,5,3,3,4,3,3,3,5,3,5,,,,,,,,,,,
Par,Malminiitty,Vakio layout,2020-06-13 13:34,27,,3,3,3,3,3,3,3,3,3,,,,,,,,,,,
Teemu,Malminiitty,Vakio layout,2020-06-13 13:34,32,5,4,3,3,3,3,4,4,4,4,,,,,,,,,,,
Antti,Malminiitty,Vakio layout,2020-06-13 13:34,26,-1,3,2,2,3,3,3,4,3,3,,,,,,,,,,,
Henkka,Malminiitty,Vakio layout,2020-06-13 13:34,28,1,2,3,3,3,3,3,4,3,4,,,,,,,,,,,
Kimmo,Malminiitty,Vakio layout,2020-06-13 13:34,42,15,4,3,5,4,5,5,5,5,6,,,,,,,,,,,
Henu,Malminiitty,Vakio layout,2020-06-13 13:34,32,5,3,3,3,3,5,4,4,4,3,,,,,,,,,,,
Emma,Malminiitty,Vakio layout,2020-06-13 13:34,31,4,3,3,3,2,3,5,3,5,4,,,,,,,,,,,
Par,Malminiitty,Niitty,2020-06-18 22:07,27,,3,3,3,3,3,3,3,3,3,,,,,,,,,,,
Kimmo,Malminiitty,Niitty,2020-06-18 22:07,28,1,3,2,4,3,3,3,3,3,4,,,,,,,,,,,
Emma,Malminiitty,Niitty,2020-06-18 22:07,28,1,3,3,2,3,3,4,3,4,3,,,,,,,,,,,
Saikkis,Malminiitty,Niitty,2020-06-18 22:07,23,-4,3,2,3,2,3,3,3,2,2,,,,,,,,,,,
Jouni,Malminiitty,Niitty,2020-06-18 22:07,24,-3,2,2,3,2,3,3,3,3,3,,,,,,,,,,,
Henkka,Malminiitty,Niitty,2020-06-18 22:07,28,1,3,3,3,4,3,2,3,4,3,,,,,,,,,,,
Teemu,Malminiitty,Niitty,2020-06-18 22:07,28,1,3,3,4,2,2,4,4,3,3,,,,,,,,,,,
Par,Malminiitty,Niitty,2020-07-04 01:01,27,,3,3,3,3,3,3,3,3,3,,,,,,,,,,,
Kimmo,Malminiitty,Niitty,2020-07-04 01:01,42,15,4,4,5,5,4,5,6,4,5,,,,,,,,,,,
Emma,Malminiitty,Niitty,2020-07-04 01:01,32,5,4,3,4,2,4,4,3,4,4,,,,,,,,,,,
Saikkis,Malminiitty,Niitty,2020-07-04 01:01,29,2,3,3,3,3,3,3,4,3,4,,,,,,,,,,,
Henkka,Malminiitty,Niitty,2020-07-04 01:01,30,3,3,3,3,3,4,3,5,3,3,,,,,,,,,,,
Teemu,Malminiitty,Niitty,2020-07-04 01:01,29,2,3,3,4,3,3,3,3,3,4,,,,,,,,,,,
Jouni,Malminiitty,Niitty,2020-07-04 01:01,28,1,3,3,4,3,3,3,3,3,3,,,,,,,,,,,
Par,Malminiitty,Niitty,2020-07-04 02:40,27,,3,3,3,3,3,3,3,3,3,,,,,,,,,,,
Kimmo,Malminiitty,Niitty,2020-07-04 02:40,35,8,4,2,3,3,3,5,7,4,4,,,,,,,,,,,
Emma,Malminiitty,Niitty,2020-07-04 02:40,34,7,3,3,3,3,5,4,4,5,4,,,,,,,,,,,
Saikkis,Malminiitty,Niitty,2020-07-04 02:40,30,3,2,3,3,3,4,4,4,3,4,,,,,,,,,,,
Jouni,Malminiitty,Niitty,2020-07-04 02:40,26,-1,2,3,2,3,3,4,3,3,3,,,,,,,,,,,
Henkka,Malminiitty,Niitty,2020-07-04 02:40,32,5,3,3,3,3,3,4,4,5,4,,,,,,,,,,,
Teemu,Malminiitty,Niitty,2020-07-04 02:40,28,1,3,3,3,2,4,3,3,4,3,,,,,,,,,,,
Par,Malminiitty,Vakio layout,2020-07-10 17:03,27,,3,3,3,3,3,3,3,3,3,,,,,,,,,,,
Teemu,Malminiitty,Vakio layout,2020-07-10 17:03,31,4,3,4,3,3,2,4,4,5,3,,,,,,,,,,,
Kari,Malminiitty,Vakio layout,2020-07-10 17:03,24,-3,3,3,3,1,3,2,3,4,2,,,,,,,,,,,
Henu,Malminiitty,Vakio layout,2020-07-10 17:03,29,2,3,3,3,3,4,3,4,3,3,,,,,,,,,,,
Henkka,Malminiitty,Vakio layout,2020-07-10 17:03,27,0,3,2,2,3,3,4,3,4,3,,,,,,,,,,,
Par,Malminiitty,Vakio layout,2020-07-10 18:07,27,,3,3,3,3,3,3,3,3,3,,,,,,,,,,,
Teemu,Malminiitty,Vakio layout,2020-07-10 18:07,29,2,2,3,4,3,3,4,4,3,3,,,,,,,,,,,
Emma,Malminiitty,Vakio layout,2020-07-10 18:07,33,6,3,3,3,3,5,4,4,4,4,,,,,,,,,,,
Kimmo,Malminiitty,Vakio layout,2020-07-10 18:07,28,1,3,2,3,2,3,3,3,4,5,,,,,,,,,,,
Henkka,Malminiitty,Vakio layout,2020-07-10 18:07,24,-3,2,2,2,3,2,3,3,3,4,,,,,,,,,,,
Kari,Malminiitty,Vakio layout,2020-07-10 18:07,29,2,3,3,5,3,4,3,3,2,3,,,,,,,,,,,
Henu,Malminiitty,Vakio layout,2020-07-10 18:07,29,2,2,3,3,3,4,3,3,4,4,,,,,,,,,,,
Saku,Malminiitty,Vakio layout,2020-07-10 18:07,31,4,3,3,4,3,3,4,3,4,4,,,,,,,,,,,
Par,Malminiitty,Vakio layout,2020-07-10 19:09,27,,3,3,3,3,3,3,3,3,3,,,,,,,,,,,
Teemu,Malminiitty,Vakio layout,2020-07-10 19:09,31,4,3,2,4,2,3,4,6,4,3,,,,,,,,,,,
Emma,Malminiitty,Vakio layout,2020-07-10 19:09,31,4,3,3,4,3,4,3,3,4,4,,,,,,,,,,,
Kimmo,Malminiitty,Vakio layout,2020-07-10 19:09,24,-3,2,2,3,2,3,3,3,3,3,,,,,,,,,,,
Antti,Malminiitty,Vakio layout,2020-07-10 19:09,27,0,3,3,4,4,2,3,3,2,3,,,,,,,,,,,
Henkka,Malminiitty,Vakio layout,2020-07-10 19:09,25,-2,2,2,3,2,3,3,3,4,3,,,,,,,,,,,
Kari,Malminiitty,Vakio layout,2020-07-10 19:09,27,0,3,2,3,2,4,3,3,4,3,,,,,,,,,,,
Henu,Malminiitty,Vakio layout,2020-07-10 19:09,31,4,3,3,3,3,3,3,5,4,4,,,,,,,,,,,
Saku,Malminiitty,Vakio layout,2020-07-10 19:09,31,4,3,3,4,2,4,4,3,4,4,,,,,,,,,,,
Par,Malminiitty,2x Malmari,2020-08-01 18:00,54,,3,3,3,3,3,3,3,3,3,3,3,3,3,3,3,3,3,3,,
Kimmo,Malminiitty,2x Malmari,2020-08-01 18:00,63,9,2,3,5,3,4,3,5,4,5,2,3,5,3,3,3,3,3,4,,
Emma,Malminiitty,2x Malmari,2020-08-01 18:00,57,3,3,3,3,2,3,4,3,4,4,3,3,3,3,4,4,2,3,3,,
Jouni,Malminiitty,2x Malmari,2020-08-01 18:00,52,-2,3,2,3,2,3,3,3,3,4,3,3,2,3,2,3,4,4,2,,
Teemu,Malminiitty,2x Malmari,2020-08-01 18:00,59,5,3,3,4,3,4,4,3,3,3,3,2,4,3,4,3,3,3,4,,
Par,Malminiitty,2x Malmari,2020-08-14 19:10,54,,3,3,3,3,3,3,3,3,3,3,3,3,3,3,3,3,3,3,,
Kimmo,Malminiitty,2x Malmari,2020-08-14 19:10,53,-1,3,3,3,2,2,3,3,4,3,3,3,4,3,2,3,3,3,3,,
Emma,Malminiitty,2x Malmari,2020-08-14 19:10,61,7,3,2,3,3,3,4,3,4,4,3,3,3,3,4,4,3,5,4,,
Saikkis,Malminiitty,2x Malmari,2020-08-14 19:10,50,-4,3,3,4,2,2,3,3,3,3,2,3,3,2,3,3,3,3,2,,
Jouni,Malminiitty,2x Malmari,2020-08-14 19:10,49,-5,2,2,3,2,3,3,3,3,3,3,3,3,3,3,2,3,3,2,,
Henkka,Malminiitty,2x Malmari,2020-08-14 19:10,51,-3,3,3,2,2,4,3,3,4,2,2,3,3,2,4,3,2,3,3,,
Teemu,Malminiitty,2x Malmari,2020-08-14 19:10,63,9,3,3,3,4,3,4,3,3,3,4,3,3,4,3,4,4,6,3,,
Saku,Malminiitty,2x Malmari,2020-08-14 19:10,61,7,3,3,3,3,3,3,3,4,3,3,3,4,2,6,4,4,3,4,,
Juha,Malminiitty,2x Malmari,2020-08-14 19:10,69,15,4,3,4,3,5,4,4,3,4,4,4,4,3,3,4,5,4,4,,
Par,Malminiitty,Vakio layout,2020-08-14 21:24,27,,3,3,3,3,3,3,3,3,3,,,,,,,,,,,
Teemu,Malminiitty,Vakio layout,2020-08-14 21:24,28,1,3,3,4,3,3,3,3,3,3,,,,,,,,,,,
Emma,Malminiitty,Vakio layout,2020-08-14 21:24,31,4,3,2,3,3,4,4,4,4,4,,,,,,,,,,,
Antti,Malminiitty,Vakio layout,2020-08-14 21:24,23,-4,2,2,3,2,3,2,3,3,3,,,,,,,,,,,
Henkka,Malminiitty,Vakio layout,2020-08-14 21:24,25,-2,2,2,3,2,4,3,2,3,4,,,,,,,,,,,
Juha,Malminiitty,Vakio layout,2020-08-14 21:24,37,10,4,3,4,3,5,5,5,4,4,,,,,,,,,,,
Par,Malminiitty,Niitty,2020-10-02 18:14,27,,3,3,3,3,3,3,3,3,3,,,,,,,,,,,
Kimmo,Malminiitty,Niitty,2020-10-02 18:14,27,0,2,2,3,4,4,3,3,2,4,,,,,,,,,,,
Emma,Malminiitty,Niitty,2020-10-02 18:14,32,5,4,3,3,3,4,4,4,4,3,,,,,,,,,,,
Saikkis,Malminiitty,Niitty,2020-10-02 18:14,23,-4,2,3,3,2,3,2,3,3,2,,,,,,,,,,,
Henkka,Malminiitty,Niitty,2020-10-02 18:14,24,-3,2,2,2,3,3,3,2,4,3,,,,,,,,,,,
Teemu,Malminiitty,Niitty,2020-10-02 18:14,31,4,4,3,4,3,4,4,3,3,3,,,,,,,,,,,
Saku,Malminiitty,Niitty,2020-10-02 18:14,30,3,3,3,4,3,3,3,5,3,3,,,,,,,,,,,
Mikko,Malminiitty,Niitty,2020-10-02 18:14,23,-4,2,2,2,3,3,3,3,2,3,,,,,,,,,,,
Par,Malminiitty,Niitty,2021-01-05 20:16,27,,3,3,3,3,3,3,3,3,3,,,,,,,,,,,
Kimmo,Malminiitty,Niitty,2021-01-05 20:16,27,0,2,3,3,3,3,3,3,3,4,,,,,,,,,,,
Emma,Malminiitty,Niitty,2021-01-05 20:16,32,5,4,3,4,3,3,3,4,4,4,,,,,,,,,,,
Saikkis,Malminiitty,Niitty,2021-01-05 20:16,31,4,3,3,3,4,4,4,3,4,3,,,,,,,,,,,
Henkka,Malminiitty,Niitty,2021-01-05 20:16,25,-2,2,2,3,2,2,3,3,4,4,,,,,,,,,,,
Teemu,Malminiitty,Niitty,2021-01-05 20:16,33,6,4,3,4,3,3,4,3,4,5,,,,,,,,,,,
Par,Malminiitty,Niitty,2021-05-07 22:59,27,,3,3,3,3,3,3,3,3,3,,,,,,,,,,,
Kimmo,Malminiitty,Niitty,2021-05-07 22:59,31,4,3,2,4,2,4,4,5,4,3,,,,,,,,,,,
Emma,Malminiitty,Niitty,2021-05-07 22:59,31,4,3,3,3,3,3,4,4,4,4,,,,,,,,,,,
Saikkis,Malminiitty,Niitty,2021-05-07 22:59,29,2,3,3,3,3,3,3,3,4,4,,,,,,,,,,,
Henkka,Malminiitty,Niitty,2021-05-07 22:59,28,1,2,3,4,3,3,3,3,4,3,,,,,,,,,,,
Teemu,Malminiitty,Niitty,2021-05-07 22:59,32,5,2,5,3,3,4,4,5,3,3,,,,,,,,,,,
Par,Malminiitty,Niitty,2021-06-18 16:58,27,,3,3,3,3,3,3,3,3,3,,,,,,,,,,,
Teemu,Malminiitty,Niitty,2021-06-18 16:58,30,3,2,3,4,2,4,3,4,5,3,,,,,,,,,,,
Sampo,Malminiitty,Niitty,2021-06-18 16:58,29,2,3,2,3,2,4,4,4,4,3,,,,,,,,,,,
Par,Malminiitty,Niitty,2021-06-18 17:39,27,,3,3,3,3,3,3,3,3,3,,,,,,,,,,,
Teemu,Malminiitty,Niitty,2021-06-18 17:39,35,8,6,3,3,3,4,3,5,4,4,,,,,,,,,,,
Sampo,Malminiitty,Niitty,2021-06-18 17:39,34,7,5,3,3,3,4,5,4,3,4,,,,,,,,,,,
Par,Malminiitty,Niitty,2021-06-18 18:30,27,,3,3,3,3,3,3,3,3,3,,,,,,,,,,,
Teemu,Malminiitty,Niitty,2021-06-18 18:30,30,3,3,3,4,3,4,3,3,3,4,,,,,,,,,,,
Sampo,Malminiitty,Niitty,2021-06-18 18:30,30,3,4,3,4,3,3,3,4,3,3,,,,,,,,,,,
Par,Malminiitty,Niitty,2021-06-24 20:17,27,,3,3,3,3,3,3,3,3,3,,,,,,,,,,,
Teemu,Malminiitty,Niitty,2021-06-24 20:17,29,2,4,2,3,3,3,3,5,3,3,,,,,,,,,,,
Henkka,Malminiitty,Niitty,2021-06-24 20:17,23,-4,2,4,3,2,3,2,2,2,3,,,,,,,,,,,
Sampo,Malminiitty,Niitty,2021-06-24 20:17,27,0,3,4,3,2,3,4,3,2,3,,,,,,,,,,,
Par,Malminiitty,Niitty,2021-06-24 21:00,27,,3,3,3,3,3,3,3,3,3,,,,,,,,,,,
Sampo,Malminiitty,Niitty,2021-06-24 21:00,32,5,2,3,3,3,5,4,4,4,4,,,,,,,,,,,
Teemu,Malminiitty,Niitty,2021-06-24 21:00,31,4,3,3,3,3,3,4,4,4,4,,,,,,,,,,,
Henkka,Malminiitty,Niitty,2021-06-24 21:00,24,-3,2,3,3,2,3,3,3,3,2,,,,,,,,,,,
Par,Malminiitty,Niitty,2021-06-24 21:49,27,,3,3,3,3,3,3,3,3,3,,,,,,,,,,,
Teemu,Malminiitty,Niitty,2021-06-24 21:49,30,3,3,3,3,3,4,3,5,3,3,,,,,,,,,,,
Henkka,Malminiitty,Niitty,2021-06-24 21:49,26,-1,3,2,3,2,3,3,3,4,3,,,,,,,,,,,
Sampo,Malminiitty,Niitty,2021-06-24 21:49,32,5,3,3,3,3,5,3,5,3,4,,,,,,,,,,,
Par,Malminiitty,Niitty,2021-07-01 21:23,27,,3,3,3,3,3,3,3,3,3,,,,,,,,,,,
Jouni,Malminiitty,Niitty,2021-07-01 21:23,26,-1,2,3,3,3,3,3,2,4,3,,,,,,,,,,,
Henkka,Malminiitty,Niitty,2021-07-01 21:23,23,-4,2,3,3,2,2,3,3,2,3,,,,,,,,,,,
Teemu,Malminiitty,Niitty,2021-07-01 21:23,31,4,3,2,4,3,3,3,5,4,4,,,,,,,,,,,
Sampo,Malminiitty,Niitty,2021-07-01 21:23,31,4,3,3,3,3,3,3,6,4,3,,,,,,,,,,,
Par,Malminiitty,Niitty,2021-07-01 22:08,27,,3,3,3,3,3,3,3,3,3,,,,,,,,,,,
Teemu,Malminiitty,Niitty,2021-07-01 22:08,27,0,3,3,3,2,3,3,4,3,3,,,,,,,,,,,
Henkka,Malminiitty,Niitty,2021-07-01 22:08,26,-1,2,3,2,2,3,4,3,3,4,,,,,,,,,,,
Sampo,Malminiitty,Niitty,2021-07-01 22:08,29,2,3,4,5,2,3,3,3,3,3,,,,,,,,,,,
Jouni,Malminiitty,Niitty,2021-07-01 22:08,23,-4,2,2,2,2,3,3,4,3,2,,,,,,,,,,,
Par,Malminiitty,Niitty,2021-07-01 22:59,27,,3,3,3,3,3,3,3,3,3,,,,,,,,,,,
Jouni,Malminiitty,Niitty,2021-07-01 22:59,24,-3,2,3,2,3,3,2,3,3,3,,,,,,,,,,,
Henkka,Malminiitty,Niitty,2021-07-01 22:59,25,-2,3,2,3,2,2,3,3,3,4,,,,,,,,,,,
Teemu,Malminiitty,Niitty,2021-07-01 22:59,30,3,2,2,4,3,2,4,5,4,4,,,,,,,,,,,
Par,Malminiitty,Niitty,2021-07-16 18:00,27,,3,3,3,3,3,3,3,3,3,,,,,,,,,,,
Teemu,Malminiitty,Niitty,2021-07-16 18:00,27,0,2,2,3,3,3,3,4,4,3,,,,,,,,,,,
Kari,Malminiitty,Niitty,2021-07-16 18:00,30,3,3,2,4,4,3,3,4,3,4,,,,,,,,,,,
Saku,Malminiitty,Niitty,2021-07-16 18:00,30,3,3,3,4,3,4,4,3,3,3,,,,,,,,,,,
Par,Malminiitty,Niitty,2021-07-16 18:49,27,,3,3,3,3,3,3,3,3,3,,,,,,,,,,,
Teemu,Malminiitty,Niitty,2021-07-16 18:49,28,1,2,2,3,2,3,3,5,4,4,,,,,,,,,,,
Kari,Malminiitty,Niitty,2021-07-16 18:49,27,0,3,3,3,3,3,3,3,3,3,,,,,,,,,,,
Saku,Malminiitty,Niitty,2021-07-16 18:49,30,3,4,3,3,3,3,4,3,4,3,,,,,,,,,,,
Par,Malminiitty,Niitty,2021-07-16 19:53,27,,3,3,3,3,3,3,3,3,3,,,,,,,,,,,
Teemu,Malminiitty,Niitty,2021-07-16 19:53,27,0,3,2,4,2,3,3,3,3,4,,,,,,,,,,,
Kari,Malminiitty,Niitty,2021-07-16 19:53,30,3,3,2,3,3,3,4,5,4,3,,,,,,,,,,,
Par,Malminiitty,Niitty,2021-07-16 21:06,27,,3,3,3,3,3,3,3,3,3,,,,,,,,,,,
Teemu,Malminiitty,Niitty,2021-07-16 21:06,31,4,3,3,4,5,4,3,3,3,3,,,,,,,,,,,
Kimmo,Malminiitty,Niitty,2021-07-16 21:06,27,0,3,3,4,3,3,3,3,2,3,,,,,,,,,,,
Sampo,Malminiitty,Niitty,2021-07-16 21:06,29,2,3,3,4,3,3,4,3,3,3,,,,,,,,,,,
Emma,Malminiitty,Niitty,2021-07-16 21:06,32,5,3,3,4,3,3,4,3,6,3,,,,,,,,,,,
Kari,Malminiitty,Niitty,2021-07-16 21:06,30,3,3,3,2,4,3,4,3,3,5,,,,,,,,,,,
Par,Malminiitty,Niitty,2021-07-16 21:55,27,,3,3,3,3,3,3,3,3,3,,,,,,,,,,,
Teemu,Malminiitty,Niitty,2021-07-16 21:55,27,0,2,2,3,3,3,3,4,3,4,,,,,,,,,,,
Kimmo,Malminiitty,Niitty,2021-07-16 21:55,29,2,2,2,3,4,3,3,3,4,5,,,,,,,,,,,
Kari,Malminiitty,Niitty,2021-07-16 21:55,28,1,2,3,2,2,4,3,3,5,4,,,,,,,,,,,
Sampo,Malminiitty,Niitty,2021-07-16 21:55,35,8,4,3,4,3,4,5,5,4,3,,,,,,,,,,,
Emma,Malminiitty,Niitty,2021-07-16 21:55,30,3,3,3,3,3,4,3,3,4,4,,,,,,,,,,,
Par,Meilahden kiekkogolfrata,Main,2021-05-04 16:53,48,,3,3,3,3,3,3,3,3,3,3,3,3,3,3,3,3,,,,
Kimmo,Meilahden kiekkogolfrata,Main,2021-05-04 16:53,54,6,5,3,3,5,3,3,3,3,3,3,3,3,3,5,3,3,,,,
Saikkis,Meilahden kiekkogolfrata,Main,2021-05-04 16:53,60,12,3,4,3,4,4,4,5,4,3,3,4,3,4,5,4,3,,,,
Henkka,Meilahden kiekkogolfrata,Main,2021-05-04 16:53,48,0,4,4,3,3,3,3,3,3,2,3,2,3,2,4,3,3,,,,
Teemu,Meilahden kiekkogolfrata,Main,2021-05-04 16:53,62,14,6,4,4,4,4,4,6,3,4,4,4,2,2,4,3,4,,,,
Par,Munkkiniemi,Munkkiniemi 19,2021-05-04 18:43,27,,3,3,3,3,3,3,3,3,3,,,,,,,,,,,
Henkka,Munkkiniemi,Munkkiniemi 19,2021-05-04 18:43,32,5,3,3,3,4,4,4,4,4,3,,,,,,,,,,,
Antti,Munkkiniemi,Munkkiniemi 19,2021-05-04 18:43,33,6,4,2,4,3,4,4,5,3,4,,,,,,,,,,,
Teemu,Munkkiniemi,Munkkiniemi 19,2021-05-04 18:43,33,6,4,3,3,4,3,4,6,3,3,,,,,,,,,,,
Par,Sahanmäki DiscGolfPark,Sahanmäki 20 väylää (2020),2021-04-17 15:33,63,,3,3,3,4,3,3,3,3,3,3,4,3,3,3,3,4,3,3,3,3
Teemu,Sahanmäki DiscGolfPark,Sahanmäki 20 väylää (2020),2021-04-17 15:33,101,41,4,4,5,6,5,7,6,4,4,4,10,6,3,6,3,7,5,6,6,0
Henu,Sahanmäki DiscGolfPark,Sahanmäki 20 väylää (2020),2021-04-17 15:33,75,15,5,3,3,6,4,4,5,3,4,3,5,4,3,4,3,5,4,3,4,0
Henkka,Sahanmäki DiscGolfPark,Sahanmäki 20 väylää (2020),2021-04-17 15:33,69,9,3,3,3,6,4,4,4,3,3,3,5,4,4,3,3,5,3,3,3,0
Antti,Sahanmäki DiscGolfPark,Sahanmäki 20 väylää (2020),2021-04-17 15:33,77,17,5,3,4,6,5,3,3,3,4,4,5,6,4,3,3,5,4,3,4,0
Par,Sibbe Disc Golf,Ford Hybrid layout (blue) 2020,2020-08-29 14:32,59,,3,3,4,3,3,5,3,3,4,3,3,3,3,3,3,3,4,3,,
Teemu,Sibbe Disc Golf,Ford Hybrid layout (blue) 2020,2020-08-29 14:32,96,37,5,4,11,6,4,10,7,4,6,4,6,4,4,3,3,4,7,4,,
Antti,Sibbe Disc Golf,Ford Hybrid layout (blue) 2020,2020-08-29 14:32,80,21,6,3,6,5,4,9,4,3,4,4,6,4,4,3,4,3,5,3,,
Par,Sibbe Disc Golf,Ford Hybrid layout 2021 (blue),2021-06-14 17:03,60,,3,4,3,3,5,3,3,4,3,3,4,3,3,3,3,3,4,3,,
Teemu,Sibbe Disc Golf,Ford Hybrid layout 2021 (blue),2021-06-14 17:03,98,38,4,9,4,6,10,4,4,5,7,4,9,5,5,4,3,5,5,5,,
Henkka,Sibbe Disc Golf,Ford Hybrid layout 2021 (blue),2021-06-14 17:03,72,12,3,6,5,4,9,3,2,4,4,4,6,4,3,3,3,2,4,3,,
Antti,Sibbe Disc Golf,Ford Hybrid layout 2021 (blue),2021-06-14 17:03,75,15,3,6,3,4,9,4,3,5,4,5,4,4,3,3,4,4,4,3,,
Par,Siltamäki,Updated,2020-05-22 19:01,53,,3,3,3,3,3,3,3,3,3,3,3,3,3,3,3,3,3,2,,
Teemu,Siltamäki,Updated,2020-05-22 19:01,63,10,5,3,3,2,3,3,4,4,5,3,4,3,4,3,3,4,3,4,,
Antti,Siltamäki,Updated,2020-05-22 19:01,62,9,3,7,3,4,4,3,2,4,4,3,3,4,3,3,3,3,3,3,,
Henkka,Siltamäki,Updated,2020-05-22 19:01,57,4,2,3,3,4,2,3,3,4,3,4,2,5,4,3,3,3,3,3,,
Par,Siltamäki,Updated,2020-05-22 21:27,53,,3,3,3,3,3,3,3,3,3,3,3,3,3,3,3,3,3,2,,
Teemu,Siltamäki,Updated,2020-05-22 21:27,66,13,4,5,3,3,3,3,3,3,4,4,3,4,3,4,4,6,4,3,,
Antti,Siltamäki,Updated,2020-05-22 21:27,55,2,3,3,4,4,4,2,2,4,3,3,3,4,3,2,2,4,3,2,,
Henkka,Siltamäki,Updated,2020-05-22 21:27,55,2,3,3,3,2,2,2,3,3,4,3,3,5,4,3,3,4,3,2,,
Par,Siltamäki,Updated,2020-08-08 19:18,53,,3,3,3,3,3,3,3,3,3,3,3,3,3,3,3,3,3,2,,
Kimmo,Siltamäki,Updated,2020-08-08 19:18,57,4,3,3,3,2,3,3,3,6,4,3,3,4,3,3,2,3,3,3,,
Emma,Siltamäki,Updated,2020-08-08 19:18,63,10,5,5,3,3,3,3,3,4,4,3,3,4,4,4,3,3,4,2,,
Henkka,Siltamäki,Updated,2020-08-08 19:18,56,3,5,4,3,3,2,4,3,3,3,3,3,3,3,2,3,4,3,2,,
Teemu,Siltamäki,Updated,2020-08-08 19:18,64,11,4,3,4,3,5,2,4,7,4,3,4,3,3,3,3,4,3,2,,
Par,Siltamäki,Updated,2021-05-22 15:54,53,,3,3,3,3,3,3,3,3,3,3,3,3,3,3,3,3,3,2,,
Teemu,Siltamäki,Updated,2021-05-22 15:54,65,12,4,4,3,3,3,4,4,5,4,4,4,4,4,3,3,4,3,2,,
Henu,Siltamäki,Updated,2021-05-22 15:54,63,10,3,4,3,3,3,4,3,5,5,3,3,3,4,4,3,4,3,3,,
Sampo,Siltamäki,Updated,2021-05-22 15:54,61,8,2,5,4,3,3,4,3,4,4,3,3,3,4,3,3,3,5,2,,
Par,Siltamäki,Updated,2021-05-22 18:17,53,,3,3,3,3,3,3,3,3,3,3,3,3,3,3,3,3,3,2,,
Teemu,Siltamäki,Updated,2021-05-22 18:17,61,8,4,4,3,3,3,3,3,5,4,3,3,3,4,3,3,4,3,3,,
Henu,Siltamäki,Updated,2021-05-22 18:17,62,9,5,5,3,3,3,4,3,4,4,2,3,4,4,3,4,3,3,2,,
Sampo,Siltamäki,Updated,2021-05-22 18:17,61,8,5,4,2,2,3,3,3,4,4,3,3,4,4,5,3,4,3,2,,
Par,Siltamäki,Updated,2021-06-11 17:11,53,,3,3,3,3,3,3,3,3,3,3,3,3,3,3,3,3,3,2,,
Teemu,Siltamäki,Updated,2021-06-11 17:11,74,21,6,4,3,3,6,4,3,5,4,3,5,4,4,4,3,5,3,5,,
Henu,Siltamäki,Updated,2021-06-11 17:11,58,5,4,4,3,3,3,3,3,4,4,3,3,4,3,3,2,4,3,2,,
Ile,Siltamäki,Updated,2021-06-11 17:11,63,10,5,5,3,3,4,3,3,4,4,3,3,3,3,3,3,5,3,3,,
Antti,Siltamäki,Updated,2021-06-11 17:11,52,-1,3,3,3,3,2,3,3,4,4,3,3,3,3,2,3,3,2,2,,
Par,Siltamäki,Updated,2021-06-11 19:24,53,,3,3,3,3,3,3,3,3,3,3,3,3,3,3,3,3,3,2,,
Teemu,Siltamäki,Updated,2021-06-11 19:24,57,4,3,4,3,2,3,3,3,4,5,4,3,3,3,3,3,3,3,2,,
Kimmo,Siltamäki,Updated,2021-06-11 19:24,62,9,6,4,3,2,3,3,3,4,4,4,3,3,4,3,3,4,4,2,,
Antti,Siltamäki,Updated,2021-06-11 19:24,56,3,4,4,3,3,3,2,2,3,4,4,3,3,3,4,2,3,3,3,,
Henu,Siltamäki,Updated,2021-06-11 19:24,61,8,3,3,3,2,2,3,3,4,6,3,3,4,3,4,4,4,3,4,,
Par,Siltamäki,Updated,2021-06-15 17:46,53,,3,3,3,3,3,3,3,3,3,3,3,3,3,3,3,3,3,2,,
Jouni,Siltamäki,Updated,2021-06-15 17:46,56,3,3,3,3,3,4,3,3,3,4,3,3,2,4,2,3,4,3,3,,
Henkka,Siltamäki,Updated,2021-06-15 17:46,61,8,3,5,3,3,3,3,4,4,5,3,3,4,3,2,3,4,3,3,,
Ile,Siltamäki,Updated,2021-06-15 17:46,70,17,7,5,4,3,3,4,3,4,4,4,3,5,4,4,3,4,3,3,,
Teemu,Siltamäki,Updated,2021-06-15 17:46,64,11,3,4,5,3,3,3,4,4,5,4,3,3,4,3,3,5,3,2,,
Par,Siltamäki,Updated,2021-06-15 20:20,53,,3,3,3,3,3,3,3,3,3,3,3,3,3,3,3,3,3,2,,
Teemu,Siltamäki,Updated,2021-06-15 20:20,66,13,6,5,3,3,3,5,4,4,4,4,4,3,3,3,3,4,3,2,,
Henkka,Siltamäki,Updated,2021-06-15 20:20,57,4,5,4,3,3,3,2,4,4,4,3,2,3,3,3,3,3,3,2,,
Jouni,Siltamäki,Updated,2021-06-15 20:20,50,-3,3,3,2,2,3,2,2,3,4,3,3,3,4,3,2,3,3,2,,
Par,Siltamäki,Updated,2021-06-21 20:23,53,,3,3,3,3,3,3,3,3,3,3,3,3,3,3,3,3,3,2,,
Jouni,Siltamäki,Updated,2021-06-21 20:23,53,0,3,4,3,3,3,3,2,4,4,2,2,3,3,3,2,3,3,3,,
Henu,Siltamäki,Updated,2021-06-21 20:23,59,6,3,4,3,4,3,4,2,3,4,4,3,3,4,3,3,4,3,2,,
Teemu,Siltamäki,Updated,2021-06-21 20:23,72,19,6,4,3,3,3,3,3,4,5,3,3,5,7,3,4,5,4,4,,
Par,Siltamäki,Updated,2021-07-01 16:18,53,,3,3,3,3,3,3,3,3,3,3,3,3,3,3,3,3,3,2,,
Jouni,Siltamäki,Updated,2021-07-01 16:18,53,0,4,3,2,2,3,3,3,4,3,3,2,4,3,2,2,3,4,3,,
Kimmo,Siltamäki,Updated,2021-07-01 16:18,60,7,3,5,2,3,3,3,3,3,4,4,4,4,4,3,2,4,3,3,,
Teemu,Siltamäki,Updated,2021-07-01 16:18,64,11,3,4,3,3,5,3,3,4,4,4,4,4,3,3,3,4,3,4,,
Saikkis,Siltamäki,Updated,2021-07-01 16:18,57,4,5,3,3,3,2,3,3,4,4,3,3,3,3,3,2,4,3,3,,
Ile,Siltamäki,Updated,2021-07-01 16:18,69,16,4,4,4,3,3,3,4,5,6,3,5,4,3,4,3,4,4,3,,
Sampo,Siltamäki,Updated,2021-07-01 16:18,61,8,4,3,3,2,3,3,2,3,6,3,4,3,4,3,4,4,3,4,,
Par,Siltamäki,Updated,2021-07-01 18:30,53,,3,3,3,3,3,3,3,3,3,3,3,3,3,3,3,3,3,2,,
Teemu,Siltamäki,Updated,2021-07-01 18:30,60,7,3,3,3,3,3,3,4,6,4,3,3,4,3,3,3,4,3,2,,
Henkka,Siltamäki,Updated,2021-07-01 18:30,58,5,4,4,3,3,3,3,3,4,3,3,3,3,3,3,2,4,4,3,,
Sampo,Siltamäki,Updated,2021-07-01 18:30,63,10,4,4,2,4,3,3,5,4,4,3,5,5,3,2,3,3,4,2,,
Jouni,Siltamäki,Updated,2021-07-01 18:30,55,2,4,5,3,2,3,3,3,4,4,3,3,3,2,2,2,4,3,2,,
Par,Siltamäki,Updated,2021-07-09 17:55,53,,3,3,3,3,3,3,3,3,3,3,3,3,3,3,3,3,3,2,,
Teemu,Siltamäki,Updated,2021-07-09 17:55,68,15,3,4,3,3,3,4,3,6,7,5,3,3,3,4,3,4,3,4,,
Henkka,Siltamäki,Updated,2021-07-09 17:55,57,4,4,3,2,3,3,3,3,3,3,3,3,4,3,3,3,5,3,3,,
Antti,Siltamäki,Updated,2021-07-09 17:55,59,6,3,4,3,4,3,3,3,3,3,4,3,4,3,3,3,4,3,3,,
Henu,Siltamäki,Updated,2021-07-09 17:55,64,11,4,4,4,3,3,3,3,4,3,6,3,3,3,3,4,5,4,2,,
Par,Siltamäki,Updated,2021-07-09 20:17,53,,3,3,3,3,3,3,3,3,3,3,3,3,3,3,3,3,3,2,,
Teemu,Siltamäki,Updated,2021-07-09 20:17,63,10,4,4,3,3,4,3,3,3,4,5,3,4,3,5,3,4,3,2,,
Henkka,Siltamäki,Updated,2021-07-09 20:17,51,-2,3,4,2,2,2,2,3,3,3,3,3,4,3,3,3,3,3,2,,
Antti,Siltamäki,Updated,2021-07-09 20:17,61,8,6,5,3,2,5,3,3,3,4,4,3,3,3,2,2,4,3,3,,
Henu,Siltamäki,Updated,2021-07-09 20:17,65,12,3,4,3,3,3,4,3,4,4,4,4,4,3,3,5,4,4,3,,
Par,Siltamäki,Updated,2021-07-23 18:38,53,,3,3,3,3,3,3,3,3,3,3,3,3,3,3,3,3,3,2,,
Jouni,Siltamäki,Updated,2021-07-23 18:38,53,0,3,3,3,2,3,3,4,3,4,3,2,3,3,2,3,3,3,3,,
Saikkis,Siltamäki,Updated,2021-07-23 18:38,54,1,5,4,3,2,3,3,2,4,3,3,3,3,2,3,2,3,3,3,,
Teemu,Siltamäki,Updated,2021-07-23 18:38,60,7,4,3,3,3,3,3,3,4,5,3,3,3,4,3,4,4,3,2,,
Henu,Siltamäki,Updated,2021-07-23 18:38,58,5,5,4,3,2,3,3,4,4,4,3,3,3,3,3,2,4,3,2,,
Kari,Siltamäki,Updated,2021-07-23 18:38,60,7,4,5,4,2,3,3,3,3,4,3,3,3,3,3,4,4,4,2,,
Par,Siltamäki,Updated,2021-07-23 21:05,53,,3,3,3,3,3,3,3,3,3,3,3,3,3,3,3,3,3,2,,
Teemu,Siltamäki,Updated,2021-07-23 21:05,69,16,3,4,4,3,3,3,3,4,5,3,3,4,4,3,7,4,5,4,,
Jouni,Siltamäki,Updated,2021-07-23 21:05,58,5,5,4,3,3,3,4,3,5,3,2,5,3,2,2,4,3,2,2,,
Kari,Siltamäki,Updated,2021-07-23 21:05,61,8,5,5,3,3,3,4,3,4,4,3,3,4,3,3,3,3,3,2,,
Henu,Siltamäki,Updated,2021-07-23 21:05,61,8,3,5,3,3,3,4,3,3,4,3,4,4,4,3,3,4,3,2,,
Antti,Siltamäki,Updated,2021-07-23 21:05,55,2,4,4,3,3,3,3,3,4,3,2,3,3,3,3,3,3,3,2,,
Par,Simonkenttä,Main,2020-04-09 22:39,30,,3,3,3,3,3,3,3,3,3,3,,,,,,,,,,
Kimmo,Simonkenttä,Main,2020-04-09 22:39,30,0,3,3,3,3,3,3,2,3,3,4,,,,,,,,,,
Henu,Simonkenttä,Main,2020-04-09 22:39,35,5,2,4,3,3,3,4,5,2,4,5,,,,,,,,,,
Emma,Simonkenttä,Main,2020-04-09 22:39,41,11,3,4,5,3,4,5,4,5,3,5,,,,,,,,,,
Saikkis,Simonkenttä,Main,2020-04-09 22:39,27,-3,2,3,2,3,3,3,2,3,3,3,,,,,,,,,,
Jouni,Simonkenttä,Main,2020-04-09 22:39,27,-3,2,3,3,3,3,3,3,2,2,3,,,,,,,,,,
Teemu,Simonkenttä,Main,2020-04-09 22:39,36,6,3,4,3,3,4,5,3,3,4,4,,,,,,,,,,
Par,Simonkenttä,Main,2020-05-23 19:39,30,,3,3,3,3,3,3,3,3,3,3,,,,,,,,,,
Teemu,Simonkenttä,Main,2020-05-23 19:39,34,4,2,5,4,3,3,4,2,4,2,5,,,,,,,,,,
Kimmo,Simonkenttä,Main,2020-05-23 19:39,34,4,3,3,3,2,3,4,5,3,4,4,,,,,,,,,,
Emma,Simonkenttä,Main,2020-05-23 19:39,36,6,3,4,4,3,3,4,3,4,3,5,,,,,,,,,,
Antti,Simonkenttä,Main,2020-05-23 19:39,29,-1,3,3,2,2,4,3,3,3,3,3,,,,,,,,,,
Kari,Simonkenttä,Main,2020-05-23 19:39,30,0,2,3,3,2,3,4,3,3,3,4,,,,,,,,,,
Par,Simonkenttä,Main,2020-05-23 20:47,30,,3,3,3,3,3,3,3,3,3,3,,,,,,,,,,
Kimmo,Simonkenttä,Main,2020-05-23 20:47,34,4,3,3,3,2,3,4,5,3,4,4,,,,,,,,,,
Emma,Simonkenttä,Main,2020-05-23 20:47,36,6,3,4,4,3,3,4,3,4,3,5,,,,,,,,,,
Saikkis,Simonkenttä,Main,2020-05-23 20:47,29,-1,3,3,2,2,4,3,3,3,3,3,,,,,,,,,,
Teemu,Simonkenttä,Main,2020-05-23 20:47,34,4,2,5,4,3,3,4,2,4,2,5,,,,,,,,,,
Kari,Simonkenttä,Main,2020-05-23 20:47,30,0,2,3,3,2,3,4,3,3,3,4,,,,,,,,,,
Par,Simonkenttä,Main,2020-05-23 20:53,32,,3,4,3,3,3,3,3,4,3,3,,,,,,,,,,
Teemu,Simonkenttä,Main,2020-05-23 20:53,46,14,5,5,5,4,4,4,3,4,8,4,,,,,,,,,,
Antti,Simonkenttä,Main,2020-05-23 20:53,39,7,4,4,3,4,3,3,4,4,7,3,,,,,,,,,,
Par,Simonkenttä,Main,2020-06-27 18:02,30,,3,3,3,3,3,3,3,3,3,3,,,,,,,,,,
Teemu,Simonkenttä,Main,2020-06-27 18:02,30,0,2,4,2,2,3,4,4,3,2,4,,,,,,,,,,
Antti,Simonkenttä,Main,2020-06-27 18:02,32,2,2,3,3,3,3,4,3,3,3,5,,,,,,,,,,
Emma,Simonkenttä,Main,2020-06-27 18:02,34,4,3,3,3,3,3,4,3,4,3,5,,,,,,,,,,
Kimmo,Simonkenttä,Main,2020-06-27 18:02,32,2,2,3,3,2,3,5,3,3,3,5,,,,,,,,,,
Saku,Simonkenttä,Main,2020-06-27 18:02,31,1,2,3,3,3,4,3,3,3,3,4,,,,,,,,,,
Par,Simonkenttä,Classic,2020-06-30 20:27,32,,3,4,3,3,3,3,3,4,3,3,,,,,,,,,,
Kimmo,Simonkenttä,Classic,2020-06-30 20:27,38,6,3,5,3,5,4,4,3,4,4,3,,,,,,,,,,
Emma,Simonkenttä,Classic,2020-06-30 20:27,42,10,3,5,4,4,5,4,6,5,3,3,,,,,,,,,,
Saikkis,Simonkenttä,Classic,2020-06-30 20:27,39,7,3,6,4,4,4,4,4,4,3,3,,,,,,,,,,
Jouni,Simonkenttä,Classic,2020-06-30 20:27,37,5,4,5,3,3,4,4,4,4,3,3,,,,,,,,,,
Henkka,Simonkenttä,Classic,2020-06-30 20:27,34,2,4,4,4,3,3,3,3,4,3,3,,,,,,,,,,
Teemu,Simonkenttä,Classic,2020-06-30 20:27,42,10,6,7,3,3,4,4,4,5,3,3,,,,,,,,,,
Par,Simonkenttä,Classic,2021-04-03 19:38,32,,3,4,3,3,3,3,3,4,3,3,,,,,,,,,,
Teemu,Simonkenttä,Classic,2021-04-03 19:38,42,10,4,6,3,5,5,3,4,5,3,4,,,,,,,,,,
Henkka,Simonkenttä,Classic,2021-04-03 19:38,30,-2,3,3,3,3,3,3,4,3,3,2,,,,,,,,,,
Saku,Simonkenttä,Classic,2021-04-03 19:38,43,11,5,6,3,4,5,4,5,4,3,4,,,,,,,,,,
Antti,Simonkenttä,Classic,2021-04-03 19:38,33,1,3,4,3,4,3,3,3,4,3,3,,,,,,,,,,
Par,Simonkenttä,Main,2021-07-02 18:47,30,,3,3,3,3,3,3,3,3,3,3,,,,,,,,,,
Teemu,Simonkenttä,Main,2021-07-02 18:47,30,3,2,4,3,2,4,4,4,3,4,0,,,,,,,,,,
Henkka,Simonkenttä,Main,2021-07-02 18:47,28,1,3,3,3,2,3,3,4,3,4,0,,,,,,,,,,
Antti,Simonkenttä,Main,2021-07-02 18:47,31,4,3,3,3,4,2,4,5,4,3,0,,,,,,,,,,
Par,Söderkullan frisbeegolfrata,Main 2018,2021-06-14 19:28,37,,3,3,3,3,3,3,3,4,3,3,3,3,,,,,,,,
Teemu,Söderkullan frisbeegolfrata,Main 2018,2021-06-14 19:28,43,6,3,4,3,2,4,3,4,6,2,3,5,4,,,,,,,,
Henkka,Söderkullan frisbeegolfrata,Main 2018,2021-06-14 19:28,39,2,3,3,3,3,3,3,4,5,3,3,3,3,,,,,,,,
Antti,Söderkullan frisbeegolfrata,Main 2018,2021-06-14 19:28,40,3,3,3,3,4,3,4,3,5,3,3,3,3,,,,,,,,
Par,Talma DGP,Main,2021-06-28 16:52,40,,3,4,3,4,3,3,3,3,3,4,3,4,,,,,,,,
Jouni,Talma DGP,Main,2021-06-28 16:52,42,2,3,4,2,6,3,3,3,4,4,3,3,4,,,,,,,,
Henkka,Talma DGP,Main,2021-06-28 16:52,50,10,4,5,3,5,3,4,7,3,3,4,3,6,,,,,,,,
Teemu,Talma DGP,Main,2021-06-28 16:52,53,13,4,5,3,5,4,5,6,3,3,5,4,6,,,,,,,,
Saikkis,Talma DGP,Main,2021-06-28 16:52,49,9,5,4,3,5,5,4,3,4,3,5,4,4,,,,,,,,
Par,Varistonniitty,Main,2021-05-11 16:48,60,,3,3,3,4,4,3,3,3,3,4,4,3,3,3,4,4,3,3,,
Teemu,Varistonniitty,Main,2021-05-11 16:48,92,32,4,4,4,6,4,6,4,3,6,8,5,5,4,4,8,9,4,4,,
Jouni,Varistonniitty,Main,2021-05-11 16:48,67,7,4,3,4,5,4,2,3,3,3,4,4,3,4,3,6,4,3,5,,
Henkka,Varistonniitty,Main,2021-05-11 16:48,71,11,5,4,4,4,4,3,3,3,4,5,5,3,3,4,6,4,4,3,,
Antti,Varistonniitty,Main,2021-05-11 16:48,81,21,4,3,6,4,4,4,4,4,5,7,5,5,4,3,7,5,3,4,,
Par,Separi Simppari,Custom,2021-07-02 19:44,54,,3,3,3,3,3,3,3,3,3,3,3,3,3,3,3,3,3,3,,
Sampo,Separi Simppari,Custom,2021-07-02 19:44,56,11,3,3,3,3,3,3,3,3,10,5,3,2,4,4,4,0,0,0,,
Teemu,Separi Simppari,Custom,2021-07-02 19:44,54,9,3,3,3,3,3,3,3,3,6,5,4,3,5,4,3,0,0,0,,
Antti,Separi Simppari,Custom,2021-07-02 19:44,49,4,3,3,3,3,3,3,3,3,7,2,3,3,3,4,3,0,0,0,,
Par,Separisimppa,Custom,2021-07-02 21:12,54,,3,3,3,3,3,3,3,3,3,3,3,3,3,3,3,3,3,3,,
Sampo,Separisimppa,Custom,2021-07-02 21:12,57,3,4,4,3,3,3,3,3,4,3,5,2,3,2,3,3,2,3,4,,
Teemu,Separisimppa,Custom,2021-07-02 21:12,58,4,4,3,3,4,3,2,3,5,3,3,3,3,3,4,4,2,3,3,,
Henkka,Separisimppa,Custom,2021-07-02 21:12,52,-2,3,3,3,3,3,3,2,4,2,2,3,2,3,4,3,3,4,2,,
Emma,Separisimppa,Custom,2021-07-02 21:12,58,4,4,3,4,3,4,3,3,2,3,3,3,3,4,4,4,2,3,3,,
Antti,Separisimppa,Custom,2021-07-02 21:12,57,3,3,3,3,3,3,3,3,2,3,3,3,4,4,3,4,3,3,4,,
Kimmo,Separisimppa,Custom,2021-07-02 21:12,58,4,4,4,3,2,4,4,3,3,2,2,2,2,3,4,4,3,4,5,,
Par,Supersimppari,Custom,2021-07-31 17:48,62,,3,3,3,4,3,3,3,3,3,3,3,3,3,3,3,3,3,4,3,3
Teemu,Supersimppari,Custom,2021-07-31 17:48,78,16,2,4,4,5,5,3,5,3,4,4,6,4,4,3,3,3,4,5,3,4
Henkka,Supersimppari,Custom,2021-07-31 17:48,62,0,2,3,4,4,3,3,3,2,3,3,4,3,3,2,5,2,3,4,3,3
Kimmo,Supersimppari,Custom,2021-07-31 17:48,71,9,2,4,3,4,3,3,3,3,4,4,4,3,4,4,4,3,4,5,4,3
Emma,Supersimppari,Custom,2021-07-31 17:48,80,18,3,4,3,5,4,3,4,5,5,4,5,4,4,3,4,3,4,5,4,4
Jouni,Supersimppari,Custom,2021-07-31 17:48,60,-2,2,3,2,4,2,2,3,2,4,4,4,3,3,2,3,3,4,3,3,4
Sampo,Supersimppari,Custom,2021-07-31 17:48,70,8,3,3,4,4,3,3,3,3,3,4,6,3,6,3,3,2,4,3,3,4
Antti,Supersimppari,Custom,2021-07-31 17:48,70,8,3,4,4,6,3,2,4,3,4,4,4,3,3,3,4,3,3,4,3,3
Saku,Supersimppari,Custom,2021-07-31 17:48,74,12,2,4,4,5,3,3,4,3,5,4,4,4,4,3,3,4,3,5,4,3
