PlayerName,CourseName,LayoutName,Date,Total,+/-,Hole1,Hole2,Hole3,Hole4,Hole5,Hole6,Hole7,Hole8,Hole9,Hole10,Hole11,Hole12,Hole13,Hole14,Hole15,Hole16,Hole17,Hole18,Hole19,Hole20,Hole21,Hole22,Hole23,Hole24
Par,Ford Amateur DiscGolfPark (A1),Main,2021-08-08 17:40,56,,3,3,3,3,3,4,3,3,3,3,3,3,4,3,3,3,3,3,,,,,,
Jouni,Ford Amateur DiscGolfPark (A1),Main,2021-08-08 17:40,54,-2,2,4,3,2,2,5,3,3,3,3,3,3,4,3,3,3,3,2,,,,,,
Henkka,Ford Amateur DiscGolfPark (A1),Main,2021-08-08 17:40,53,-3,3,2,3,4,3,4,2,4,4,2,3,2,4,3,2,4,2,2,,,,,,
Saikkis,Ford Amateur DiscGolfPark (A1),Main,2021-08-08 17:40,60,4,2,3,3,2,4,5,3,3,3,3,3,3,3,4,3,3,5,5,,,,,,
Par,Västerby,B,2021-08-03 16:59,62,,5,4,3,4,3,4,3,3,3,4,3,3,3,4,3,4,3,3,,,,,,
Jouni,Västerby,B,2021-08-03 16:59,76,14,7,4,3,6,3,4,4,4,2,7,5,3,4,6,3,4,3,4,,,,,,
Par,Supersimppari,Custom,2021-07-31 17:48,62,,3,3,3,4,3,3,3,3,3,3,3,3,3,3,3,3,3,4,3,3,,,,
Teemu,Supersimppari,Custom,2021-07-31 17:48,78,16,2,4,4,5,5,3,5,3,4,4,6,4,4,3,3,3,4,5,3,4,,,,
Henkka,Supersimppari,Custom,2021-07-31 17:48,62,0,2,3,4,4,3,3,3,2,3,3,4,3,3,2,5,2,3,4,3,3,,,,
Kimmo,Supersimppari,Custom,2021-07-31 17:48,71,9,2,4,3,4,3,3,3,3,4,4,4,3,4,4,4,3,4,5,4,3,,,,
Emma,Supersimppari,Custom,2021-07-31 17:48,80,18,3,4,3,5,4,3,4,5,5,4,5,4,4,3,4,3,4,5,4,4,,,,
Jouni,Supersimppari,Custom,2021-07-31 17:48,60,-2,2,3,2,4,2,2,3,2,4,4,4,3,3,2,3,3,4,3,3,4,,,,
Sampo,Supersimppari,Custom,2021-07-31 17:48,70,8,3,3,4,4,3,3,3,3,3,4,6,3,6,3,3,2,4,3,3,4,,,,
Antti,Supersimppari,Custom,2021-07-31 17:48,70,8,3,4,4,6,3,2,4,3,4,4,4,3,3,3,4,3,3,4,3,3,,,,
Saku,Supersimppari,Custom,2021-07-31 17:48,74,12,2,4,4,5,3,3,4,3,5,4,4,4,4,3,3,4,3,5,4,3,,,,
Par,Nurmijärven Frisbeegolfrata,Main,2021-07-29 17:44,54,,3,3,3,3,3,3,3,3,3,3,3,3,3,3,3,3,3,3,,,,,,
Jouni,Nurmijärven Frisbeegolfrata,Main,2021-07-29 17:44,61,7,3,4,3,3,4,5,4,2,3,3,3,4,3,4,2,4,3,4,,,,,,
Henkka,Nurmijärven Frisbeegolfrata,Main,2021-07-29 17:44,68,14,4,7,4,3,4,3,3,3,4,2,4,3,2,3,3,5,5,6,,,,,,
Saikkis,Nurmijärven Frisbeegolfrata,Main,2021-07-29 17:44,71,17,3,4,4,3,6,5,5,2,4,4,4,3,3,3,2,5,5,6,,,,,,
Mikko,Nurmijärven Frisbeegolfrata,Main,2021-07-29 17:44,73,19,4,4,3,3,3,4,3,3,5,4,3,3,3,5,3,7,8,5,,,,,,
Par,Rajamäen Frisbeegolfrata,Päivitetty 8.7.2018,2021-07-26 19:57,29,,3,3,3,3,3,4,3,4,3,,,,,,,,,,,,,,,
Jouni,Rajamäen Frisbeegolfrata,Päivitetty 8.7.2018,2021-07-26 19:57,31,2,3,3,3,2,3,6,4,4,3,,,,,,,,,,,,,,,
Henkka,Rajamäen Frisbeegolfrata,Päivitetty 8.7.2018,2021-07-26 19:57,34,5,4,3,2,3,3,4,4,7,4,,,,,,,,,,,,,,,
Saikkis,Rajamäen Frisbeegolfrata,Päivitetty 8.7.2018,2021-07-26 19:57,34,5,4,3,3,4,4,4,4,5,3,,,,,,,,,,,,,,,
Ile,Rajamäen Frisbeegolfrata,Päivitetty 8.7.2018,2021-07-26 19:57,46,17,3,5,4,7,5,5,5,8,4,,,,,,,,,,,,,,,
Par,Herusten Frisbeegolfrata ,Uusi Layout 2019,2021-07-26 17:43,58,,3,3,3,3,4,3,4,3,3,3,3,3,4,3,3,3,3,4,,,,,,
Jouni,Herusten Frisbeegolfrata ,Uusi Layout 2019,2021-07-26 17:43,57,-1,3,4,2,2,4,2,3,3,4,3,3,4,3,3,3,3,3,5,,,,,,
Henkka,Herusten Frisbeegolfrata ,Uusi Layout 2019,2021-07-26 17:43,63,5,4,4,3,2,4,3,5,4,3,3,3,3,4,4,4,3,2,5,,,,,,
Saikkis,Herusten Frisbeegolfrata ,Uusi Layout 2019,2021-07-26 17:43,67,9,3,4,4,5,4,3,6,4,3,3,5,5,4,2,4,2,2,4,,,,,,
Ile,Herusten Frisbeegolfrata ,Uusi Layout 2019,2021-07-26 17:43,68,10,5,4,4,4,4,4,5,3,3,3,4,3,4,3,4,3,3,5,,,,,,
Par,Siltamäki,Updated,2021-07-23 21:05,53,,3,3,3,3,3,3,3,3,3,3,3,3,3,3,3,3,3,2,,,,,,
Teemu,Siltamäki,Updated,2021-07-23 21:05,69,16,3,4,4,3,3,3,3,4,5,3,3,4,4,3,7,4,5,4,,,,,,
Jouni,Siltamäki,Updated,2021-07-23 21:05,58,5,5,4,3,3,3,4,3,5,3,2,5,3,2,2,4,3,2,2,,,,,,
Kari,Siltamäki,Updated,2021-07-23 21:05,61,8,5,5,3,3,3,4,3,4,4,3,3,4,3,3,3,3,3,2,,,,,,
Henu,Siltamäki,Updated,2021-07-23 21:05,61,8,3,5,3,3,3,4,3,3,4,3,4,4,4,3,3,4,3,2,,,,,,
Antti,Siltamäki,Updated,2021-07-23 21:05,55,2,4,4,3,3,3,3,3,4,3,2,3,3,3,3,3,3,3,2,,,,,,
Par,Siltamäki,Updated,2021-07-23 18:38,53,,3,3,3,3,3,3,3,3,3,3,3,3,3,3,3,3,3,2,,,,,,
Jouni,Siltamäki,Updated,2021-07-23 18:38,53,0,3,3,3,2,3,3,4,3,4,3,2,3,3,2,3,3,3,3,,,,,,
Saikkis,Siltamäki,Updated,2021-07-23 18:38,54,1,5,4,3,2,3,3,2,4,3,3,3,3,2,3,2,3,3,3,,,,,,
Teemu,Siltamäki,Updated,2021-07-23 18:38,60,7,4,3,3,3,3,3,3,4,5,3,3,3,4,3,4,4,3,2,,,,,,
Henu,Siltamäki,Updated,2021-07-23 18:38,58,5,5,4,3,2,3,3,4,4,4,3,3,3,3,3,2,4,3,2,,,,,,
Kari,Siltamäki,Updated,2021-07-23 18:38,60,7,4,5,4,2,3,3,3,3,4,3,3,3,3,3,4,4,4,2,,,,,,
Par,Ford DiscGolfPark,Blue layout 2021,2021-07-21 16:09,60,,4,3,4,3,4,3,3,4,3,3,4,4,3,3,3,3,3,3,,,,,,
Jouni,Ford DiscGolfPark,Blue layout 2021,2021-07-21 16:09,83,23,5,6,5,6,6,3,4,7,5,3,5,6,3,3,3,4,5,4,,,,,,
Henkka,Ford DiscGolfPark,Blue layout 2021,2021-07-21 16:09,81,21,6,3,5,4,4,3,5,6,5,3,5,5,6,6,5,3,4,3,,,,,,
Saikkis,Ford DiscGolfPark,Blue layout 2021,2021-07-21 16:09,91,31,6,5,8,5,5,4,5,8,4,3,5,7,5,4,5,3,5,4,,,,,,
Mikko,Ford DiscGolfPark,Blue layout 2021,2021-07-21 16:09,86,26,7,4,5,4,6,4,4,7,4,4,7,6,4,5,4,3,4,4,,,,,,
Par,Oittaan Ulkoilualue,Oittaa Frisbeegolf Espoo - Rantapuisto (9 väylää),2021-07-13 21:46,27,,3,3,3,3,3,3,3,3,3,,,,,,,,,,,,,,,
Jouni,Oittaan Ulkoilualue,Oittaa Frisbeegolf Espoo - Rantapuisto (9 väylää),2021-07-13 21:46,18,-9,2,2,2,2,2,2,2,2,2,,,,,,,,,,,,,,,
Par,Oittaan Ulkoilualue,Oittaa Frisbeegolf Espoo - Rantapuisto (9 väylää),2021-07-13 21:15,27,,3,3,3,3,3,3,3,3,3,,,,,,,,,,,,,,,
Jouni,Oittaan Ulkoilualue,Oittaa Frisbeegolf Espoo - Rantapuisto (9 väylää),2021-07-13 21:15,24,-3,3,3,3,3,2,3,3,2,2,,,,,,,,,,,,,,,
Henkka,Oittaan Ulkoilualue,Oittaa Frisbeegolf Espoo - Rantapuisto (9 väylää),2021-07-13 21:15,23,-4,2,2,3,2,3,3,3,2,3,,,,,,,,,,,,,,,
Saikkis,Oittaan Ulkoilualue,Oittaa Frisbeegolf Espoo - Rantapuisto (9 väylää),2021-07-13 21:15,26,-1,2,3,3,4,4,3,2,3,2,,,,,,,,,,,,,,,
Par,Oittaan Ulkoilualue,Oittaa Frisbeegolf Espoo - Camping,2021-07-13 20:39,27,,3,3,3,3,3,3,3,3,3,,,,,,,,,,,,,,,
Jouni,Oittaan Ulkoilualue,Oittaa Frisbeegolf Espoo - Camping,2021-07-13 20:39,20,-7,2,2,2,2,2,2,3,2,3,,,,,,,,,,,,,,,
Henkka,Oittaan Ulkoilualue,Oittaa Frisbeegolf Espoo - Camping,2021-07-13 20:39,26,-1,3,3,2,3,3,3,2,3,4,,,,,,,,,,,,,,,
Saikkis,Oittaan Ulkoilualue,Oittaa Frisbeegolf Espoo - Camping,2021-07-13 20:39,27,0,2,3,3,4,3,2,3,3,4,,,,,,,,,,,,,,,
Par,Oittaan Ulkoilualue,Oittaa Frisbeegolf Espoo - Camping,2021-07-13 19:59,27,,3,3,3,3,3,3,3,3,3,,,,,,,,,,,,,,,
Jouni,Oittaan Ulkoilualue,Oittaa Frisbeegolf Espoo - Camping,2021-07-13 19:59,26,-1,3,3,2,3,2,3,3,3,4,,,,,,,,,,,,,,,
Henkka,Oittaan Ulkoilualue,Oittaa Frisbeegolf Espoo - Camping,2021-07-13 19:59,23,-4,2,3,3,3,2,3,2,3,2,,,,,,,,,,,,,,,
Saikkis,Oittaan Ulkoilualue,Oittaa Frisbeegolf Espoo - Camping,2021-07-13 19:59,23,-4,2,2,3,3,2,3,3,3,2,,,,,,,,,,,,,,,
Par,Ford Amateur DiscGolfPark (A1),Main,2021-07-12 18:56,56,,3,3,3,3,3,4,3,3,3,3,3,3,4,3,3,3,3,3,,,,,,
Jouni,Ford Amateur DiscGolfPark (A1),Main,2021-07-12 18:56,55,-1,2,4,3,3,3,5,3,4,2,2,3,4,4,3,2,2,3,3,,,,,,
Henkka,Ford Amateur DiscGolfPark (A1),Main,2021-07-12 18:56,57,1,4,4,3,2,3,4,3,2,2,3,3,2,5,6,2,3,4,2,,,,,,
Saikkis,Ford Amateur DiscGolfPark (A1),Main,2021-07-12 18:56,59,3,3,3,3,4,2,4,4,4,4,4,3,3,4,3,2,3,3,3,,,,,,
Par,Karkkilan Frisbeegolfrata,Gold (2021),2021-07-07 19:46,63,,3,3,3,3,3,3,4,3,3,3,3,3,3,3,3,4,4,3,3,3,,,,
Jouni,Karkkilan Frisbeegolfrata,Gold (2021),2021-07-07 19:46,74,11,5,4,3,4,3,4,4,3,4,4,3,4,2,5,3,5,5,3,3,3,,,,
Par,Karkkilan Frisbeegolfrata,Red (2021) (uusi Am),2021-07-07 17:57,63,,3,3,3,3,3,3,3,3,3,3,3,3,3,3,3,4,5,3,3,3,,,,
Jouni,Karkkilan Frisbeegolfrata,Red (2021) (uusi Am),2021-07-07 17:57,65,2,3,3,3,3,2,3,5,3,3,2,4,3,3,3,3,5,5,3,3,3,,,,
Par,Lentolan Frisbeegolf,Main,2021-07-05 21:12,27,,3,3,3,3,3,3,3,3,3,,,,,,,,,,,,,,,
Teemu,Lentolan Frisbeegolf,Main,2021-07-05 21:12,29,2,3,3,4,3,3,3,3,3,4,,,,,,,,,,,,,,,
Jouni,Lentolan Frisbeegolf,Main,2021-07-05 21:12,24,-3,2,3,2,3,3,3,3,3,2,,,,,,,,,,,,,,,
Kari,Lentolan Frisbeegolf,Main,2021-07-05 21:12,26,-1,3,3,3,3,3,2,2,3,4,,,,,,,,,,,,,,,
Par,Lentolan Frisbeegolf,Main,2021-07-05 20:14,27,,3,3,3,3,3,3,3,3,3,,,,,,,,,,,,,,,
Teemu,Lentolan Frisbeegolf,Main,2021-07-05 20:14,29,2,3,3,5,3,3,2,3,4,3,,,,,,,,,,,,,,,
Jouni,Lentolan Frisbeegolf,Main,2021-07-05 20:14,25,-2,3,3,2,3,3,2,3,3,3,,,,,,,,,,,,,,,
Kari,Lentolan Frisbeegolf,Main,2021-07-05 20:14,28,1,3,3,4,3,4,3,3,3,2,,,,,,,,,,,,,,,
Ile,Lentolan Frisbeegolf,Main,2021-07-05 20:14,29,2,3,3,3,4,3,3,3,3,4,,,,,,,,,,,,,,,
Par,Lentolan Frisbeegolf,Main,2021-07-05 19:23,27,,3,3,3,3,3,3,3,3,3,,,,,,,,,,,,,,,
Teemu,Lentolan Frisbeegolf,Main,2021-07-05 19:23,28,1,3,3,3,4,4,2,2,4,3,,,,,,,,,,,,,,,
Kimmo,Lentolan Frisbeegolf,Main,2021-07-05 19:23,28,1,3,2,4,4,3,3,2,3,4,,,,,,,,,,,,,,,
Jouni,Lentolan Frisbeegolf,Main,2021-07-05 19:23,25,-2,3,2,3,2,4,3,3,2,3,,,,,,,,,,,,,,,
Kari,Lentolan Frisbeegolf,Main,2021-07-05 19:23,27,0,3,5,3,3,3,2,2,3,3,,,,,,,,,,,,,,,
Ile,Lentolan Frisbeegolf,Main,2021-07-05 19:23,29,2,3,4,3,4,3,2,3,3,4,,,,,,,,,,,,,,,
Par,Malminiitty,Niitty,2021-07-01 22:59,27,,3,3,3,3,3,3,3,3,3,,,,,,,,,,,,,,,
Jouni,Malminiitty,Niitty,2021-07-01 22:59,24,-3,2,3,2,3,3,2,3,3,3,,,,,,,,,,,,,,,
Henkka,Malminiitty,Niitty,2021-07-01 22:59,25,-2,3,2,3,2,2,3,3,3,4,,,,,,,,,,,,,,,
Teemu,Malminiitty,Niitty,2021-07-01 22:59,30,3,2,2,4,3,2,4,5,4,4,,,,,,,,,,,,,,,
Par,Malminiitty,Niitty,2021-07-01 22:08,27,,3,3,3,3,3,3,3,3,3,,,,,,,,,,,,,,,
Teemu,Malminiitty,Niitty,2021-07-01 22:08,27,0,3,3,3,2,3,3,4,3,3,,,,,,,,,,,,,,,
Henkka,Malminiitty,Niitty,2021-07-01 22:08,26,-1,2,3,2,2,3,4,3,3,4,,,,,,,,,,,,,,,
Sampo,Malminiitty,Niitty,2021-07-01 22:08,29,2,3,4,5,2,3,3,3,3,3,,,,,,,,,,,,,,,
Jouni,Malminiitty,Niitty,2021-07-01 22:08,23,-4,2,2,2,2,3,3,4,3,2,,,,,,,,,,,,,,,
Par,Malminiitty,Niitty,2021-07-01 21:23,27,,3,3,3,3,3,3,3,3,3,,,,,,,,,,,,,,,
Jouni,Malminiitty,Niitty,2021-07-01 21:23,26,-1,2,3,3,3,3,3,2,4,3,,,,,,,,,,,,,,,
Henkka,Malminiitty,Niitty,2021-07-01 21:23,23,-4,2,3,3,2,2,3,3,2,3,,,,,,,,,,,,,,,
Teemu,Malminiitty,Niitty,2021-07-01 21:23,31,4,3,2,4,3,3,3,5,4,4,,,,,,,,,,,,,,,
Sampo,Malminiitty,Niitty,2021-07-01 21:23,31,4,3,3,3,3,3,3,6,4,3,,,,,,,,,,,,,,,
Par,Siltamäki,Updated,2021-07-01 18:30,53,,3,3,3,3,3,3,3,3,3,3,3,3,3,3,3,3,3,2,,,,,,
Teemu,Siltamäki,Updated,2021-07-01 18:30,60,7,3,3,3,3,3,3,4,6,4,3,3,4,3,3,3,4,3,2,,,,,,
Henkka,Siltamäki,Updated,2021-07-01 18:30,58,5,4,4,3,3,3,3,3,4,3,3,3,3,3,3,2,4,4,3,,,,,,
Sampo,Siltamäki,Updated,2021-07-01 18:30,63,10,4,4,2,4,3,3,5,4,4,3,5,5,3,2,3,3,4,2,,,,,,
Jouni,Siltamäki,Updated,2021-07-01 18:30,55,2,4,5,3,2,3,3,3,4,4,3,3,3,2,2,2,4,3,2,,,,,,
Par,Siltamäki,Updated,2021-07-01 16:18,53,,3,3,3,3,3,3,3,3,3,3,3,3,3,3,3,3,3,2,,,,,,
Jouni,Siltamäki,Updated,2021-07-01 16:18,53,0,4,3,2,2,3,3,3,4,3,3,2,4,3,2,2,3,4,3,,,,,,
Kimmo,Siltamäki,Updated,2021-07-01 16:18,60,7,3,5,2,3,3,3,3,3,4,4,4,4,4,3,2,4,3,3,,,,,,
Teemu,Siltamäki,Updated,2021-07-01 16:18,64,11,3,4,3,3,5,3,3,4,4,4,4,4,3,3,3,4,3,4,,,,,,
Saikkis,Siltamäki,Updated,2021-07-01 16:18,57,4,5,3,3,3,2,3,3,4,4,3,3,3,3,3,2,4,3,3,,,,,,
Ile,Siltamäki,Updated,2021-07-01 16:18,69,16,4,4,4,3,3,3,4,5,6,3,5,4,3,4,3,4,4,3,,,,,,
Sampo,Siltamäki,Updated,2021-07-01 16:18,61,8,4,3,3,2,3,3,2,3,6,3,4,3,4,3,4,4,3,4,,,,,,
Par,Jokipuiston Koulun DiscGolfPark,Main,2021-06-28 19:26,21,,3,3,3,3,3,3,3,,,,,,,,,,,,,,,,,
Jouni,Jokipuiston Koulun DiscGolfPark,Main,2021-06-28 19:26,17,-4,2,3,2,2,3,3,2,,,,,,,,,,,,,,,,,
Henkka,Jokipuiston Koulun DiscGolfPark,Main,2021-06-28 19:26,18,-3,2,3,2,3,3,3,2,,,,,,,,,,,,,,,,,
Teemu,Jokipuiston Koulun DiscGolfPark,Main,2021-06-28 19:26,21,0,4,3,3,3,3,2,3,,,,,,,,,,,,,,,,,
Saikkis,Jokipuiston Koulun DiscGolfPark,Main,2021-06-28 19:26,21,0,3,3,3,3,3,3,3,,,,,,,,,,,,,,,,,
Par,Jokipuiston Koulun DiscGolfPark,Main,2021-06-28 18:51,21,,3,3,3,3,3,3,3,,,,,,,,,,,,,,,,,
Jouni,Jokipuiston Koulun DiscGolfPark,Main,2021-06-28 18:51,19,-2,2,3,2,3,3,2,4,,,,,,,,,,,,,,,,,
Henkka,Jokipuiston Koulun DiscGolfPark,Main,2021-06-28 18:51,18,-3,3,3,2,2,3,2,3,,,,,,,,,,,,,,,,,
Teemu,Jokipuiston Koulun DiscGolfPark,Main,2021-06-28 18:51,21,0,2,5,3,3,3,2,3,,,,,,,,,,,,,,,,,
Saikkis,Jokipuiston Koulun DiscGolfPark,Main,2021-06-28 18:51,19,-2,3,3,2,3,3,3,2,,,,,,,,,,,,,,,,,
Par,Talma DGP,Main,2021-06-28 16:52,40,,3,4,3,4,3,3,3,3,3,4,3,4,,,,,,,,,,,,
Jouni,Talma DGP,Main,2021-06-28 16:52,42,2,3,4,2,6,3,3,3,4,4,3,3,4,,,,,,,,,,,,
Henkka,Talma DGP,Main,2021-06-28 16:52,50,10,4,5,3,5,3,4,7,3,3,4,3,6,,,,,,,,,,,,
Teemu,Talma DGP,Main,2021-06-28 16:52,53,13,4,5,3,5,4,5,6,3,3,5,4,6,,,,,,,,,,,,
Saikkis,Talma DGP,Main,2021-06-28 16:52,49,9,5,4,3,5,5,4,3,4,3,5,4,4,,,,,,,,,,,,
Par,Äijänpelto Frisbeegolf,Main,2021-06-23 23:08,62,,3,3,4,3,4,3,4,3,3,3,3,4,3,4,5,3,3,4,,,,,,
Jouni,Äijänpelto Frisbeegolf,Main,2021-06-23 23:08,80,18,3,4,5,3,5,4,6,4,3,3,4,6,3,5,7,4,5,6,,,,,,
Par,Siltamäki,Updated,2021-06-21 20:23,53,,3,3,3,3,3,3,3,3,3,3,3,3,3,3,3,3,3,2,,,,,,
Jouni,Siltamäki,Updated,2021-06-21 20:23,53,0,3,4,3,3,3,3,2,4,4,2,2,3,3,3,2,3,3,3,,,,,,
Henu,Siltamäki,Updated,2021-06-21 20:23,59,6,3,4,3,4,3,4,2,3,4,4,3,3,4,3,3,4,3,2,,,,,,
Teemu,Siltamäki,Updated,2021-06-21 20:23,72,19,6,4,3,3,3,3,3,4,5,3,3,5,7,3,4,5,4,4,,,,,,
Par,Malminiitty,Niitty,2021-06-17 21:29,27,,3,3,3,3,3,3,3,3,3,,,,,,,,,,,,,,,
Jouni,Malminiitty,Niitty,2021-06-17 21:29,24,-3,2,2,2,3,3,3,2,3,4,,,,,,,,,,,,,,,
Ile,Malminiitty,Niitty,2021-06-17 21:29,29,2,3,3,3,3,3,4,4,3,3,,,,,,,,,,,,,,,
Par,Malminiitty,Niitty,2021-06-17 20:36,27,,3,3,3,3,3,3,3,3,3,,,,,,,,,,,,,,,
Jouni,Malminiitty,Niitty,2021-06-17 20:36,24,-3,2,3,2,2,4,3,2,3,3,,,,,,,,,,,,,,,
Ile,Malminiitty,Niitty,2021-06-17 20:36,30,3,2,3,2,3,3,4,5,5,3,,,,,,,,,,,,,,,
Par,Siltamäki,Updated,2021-06-15 20:20,53,,3,3,3,3,3,3,3,3,3,3,3,3,3,3,3,3,3,2,,,,,,
Teemu,Siltamäki,Updated,2021-06-15 20:20,66,13,6,5,3,3,3,5,4,4,4,4,4,3,3,3,3,4,3,2,,,,,,
Henkka,Siltamäki,Updated,2021-06-15 20:20,57,4,5,4,3,3,3,2,4,4,4,3,2,3,3,3,3,3,3,2,,,,,,
Jouni,Siltamäki,Updated,2021-06-15 20:20,50,-3,3,3,2,2,3,2,2,3,4,3,3,3,4,3,2,3,3,2,,,,,,
Par,Siltamäki,Updated,2021-06-15 17:46,53,,3,3,3,3,3,3,3,3,3,3,3,3,3,3,3,3,3,2,,,,,,
Jouni,Siltamäki,Updated,2021-06-15 17:46,56,3,3,3,3,3,4,3,3,3,4,3,3,2,4,2,3,4,3,3,,,,,,
Henkka,Siltamäki,Updated,2021-06-15 17:46,61,8,3,5,3,3,3,3,4,4,5,3,3,4,3,2,3,4,3,3,,,,,,
Ile,Siltamäki,Updated,2021-06-15 17:46,70,17,7,5,4,3,3,4,3,4,4,4,3,5,4,4,3,4,3,3,,,,,,
Teemu,Siltamäki,Updated,2021-06-15 17:46,64,11,3,4,5,3,3,3,4,4,5,4,3,3,4,3,3,5,3,2,,,,,,
Par,Lentolan Frisbeegolf,Main,2021-06-09 19:50,27,,3,3,3,3,3,3,3,3,3,,,,,,,,,,,,,,,
Jouni,Lentolan Frisbeegolf,Main,2021-06-09 19:50,22,-5,3,2,3,3,2,2,3,2,2,,,,,,,,,,,,,,,
Kimmo,Lentolan Frisbeegolf,Main,2021-06-09 19:50,25,-2,2,3,3,3,3,2,3,3,3,,,,,,,,,,,,,,,
Par,Lentolan Frisbeegolf,Main,2021-06-09 19:19,27,,3,3,3,3,3,3,3,3,3,,,,,,,,,,,,,,,
Jouni,Lentolan Frisbeegolf,Main,2021-06-09 19:19,24,-3,3,2,3,3,2,3,3,3,2,,,,,,,,,,,,,,,
Kimmo,Lentolan Frisbeegolf,Main,2021-06-09 19:19,30,3,3,3,5,3,3,3,3,3,4,,,,,,,,,,,,,,,
Par,Malminiitty,Niitty,2021-06-09 18:02,27,,3,3,3,3,3,3,3,3,3,,,,,,,,,,,,,,,
Jouni,Malminiitty,Niitty,2021-06-09 18:02,25,-2,2,3,2,3,3,3,3,3,3,,,,,,,,,,,,,,,
Henkka,Malminiitty,Niitty,2021-06-09 18:02,24,-3,2,2,2,3,3,3,3,3,3,,,,,,,,,,,,,,,
Saikkis,Malminiitty,Niitty,2021-06-09 18:02,23,-4,3,2,3,2,2,3,3,3,2,,,,,,,,,,,,,,,
Par,Malminiitty,Niitty,2021-06-09 17:00,27,,3,3,3,3,3,3,3,3,3,,,,,,,,,,,,,,,
Jouni,Malminiitty,Niitty,2021-06-09 17:00,23,-4,2,4,2,2,2,2,3,3,3,,,,,,,,,,,,,,,
Henkka,Malminiitty,Niitty,2021-06-09 17:00,24,-3,3,2,3,2,3,2,3,4,2,,,,,,,,,,,,,,,
Saikkis,Malminiitty,Niitty,2021-06-09 17:00,26,-1,3,2,2,4,3,3,3,3,3,,,,,,,,,,,,,,,
Ile,Malminiitty,Niitty,2021-06-09 17:00,39,12,6,3,5,4,6,4,4,4,3,,,,,,,,,,,,,,,
Par,Malminiitty,Niitty,2021-06-09 16:11,27,,3,3,3,3,3,3,3,3,3,,,,,,,,,,,,,,,
Jouni,Malminiitty,Niitty,2021-06-09 16:11,26,-1,3,3,4,3,3,3,3,2,2,,,,,,,,,,,,,,,
Henkka,Malminiitty,Niitty,2021-06-09 16:11,27,0,3,4,2,3,3,2,3,4,3,,,,,,,,,,,,,,,
Saikkis,Malminiitty,Niitty,2021-06-09 16:11,24,-3,2,3,3,2,4,2,3,2,3,,,,,,,,,,,,,,,
Ile,Malminiitty,Niitty,2021-06-09 16:11,28,1,3,3,2,3,4,3,3,4,3,,,,,,,,,,,,,,,
Par,Lentolan Frisbeegolf,Main,2021-06-04 22:23,27,,3,3,3,3,3,3,3,3,3,,,,,,,,,,,,,,,
Jouni,Lentolan Frisbeegolf,Main,2021-06-04 22:23,27,0,2,2,3,4,4,3,3,3,3,,,,,,,,,,,,,,,
Par,Lentolan Frisbeegolf,Main,2021-06-04 21:44,27,,3,3,3,3,3,3,3,3,3,,,,,,,,,,,,,,,
Jouni,Lentolan Frisbeegolf,Main,2021-06-04 21:44,24,-3,2,3,3,3,3,2,4,2,2,,,,,,,,,,,,,,,
Par,Lentolan Frisbeegolf,Main,2021-06-04 20:58,27,,3,3,3,3,3,3,3,3,3,,,,,,,,,,,,,,,
Jouni,Lentolan Frisbeegolf,Main,2021-06-04 20:58,25,-2,3,2,4,3,3,2,3,2,3,,,,,,,,,,,,,,,
Kimmo,Lentolan Frisbeegolf,Main,2021-06-04 20:58,26,-1,3,3,3,3,3,3,3,3,2,,,,,,,,,,,,,,,
Emma,Lentolan Frisbeegolf,Main,2021-06-04 20:58,30,3,4,3,3,3,4,4,3,3,3,,,,,,,,,,,,,,,
Par,Lentolan Frisbeegolf,Main,2021-06-04 20:43,27,,3,3,3,3,3,3,3,3,3,,,,,,,,,,,,,,,
Jouni,Lentolan Frisbeegolf,Main,2021-06-04 20:43,7,-2,2,3,2,0,0,0,0,0,0,,,,,,,,,,,,,,,
Par,Lentolan Frisbeegolf,Main,2021-06-04 19:55,27,,3,3,3,3,3,3,3,3,3,,,,,,,,,,,,,,,
Jouni,Lentolan Frisbeegolf,Main,2021-06-04 19:55,22,-5,2,2,3,3,4,2,2,2,2,,,,,,,,,,,,,,,
Par,Lentolan Frisbeegolf,Main,2021-06-03 17:26,27,,3,3,3,3,3,3,3,3,3,,,,,,,,,,,,,,,
Jouni,Lentolan Frisbeegolf,Main,2021-06-03 17:26,27,0,3,3,3,4,3,2,3,3,3,,,,,,,,,,,,,,,
Henkka,Lentolan Frisbeegolf,Main,2021-06-03 17:26,26,-1,2,3,3,4,3,3,2,3,3,,,,,,,,,,,,,,,
Saikkis,Lentolan Frisbeegolf,Main,2021-06-03 17:26,27,0,3,3,3,3,3,3,4,2,3,,,,,,,,,,,,,,,
Par,Lentolan Frisbeegolf,Main,2021-06-03 16:40,27,,3,3,3,3,3,3,3,3,3,,,,,,,,,,,,,,,
Kimmo,Lentolan Frisbeegolf,Main,2021-06-03 16:40,25,-2,3,3,4,3,3,2,2,3,2,,,,,,,,,,,,,,,
Saikkis,Lentolan Frisbeegolf,Main,2021-06-03 16:40,25,-2,2,3,3,3,3,3,3,2,3,,,,,,,,,,,,,,,
Jouni,Lentolan Frisbeegolf,Main,2021-06-03 16:40,25,-2,3,2,3,4,3,2,3,3,2,,,,,,,,,,,,,,,
Henkka,Lentolan Frisbeegolf,Main,2021-06-03 16:40,22,-5,2,3,2,2,3,3,2,2,3,,,,,,,,,,,,,,,
Par,Lentolan Frisbeegolf,Main,2021-06-03 15:58,27,,3,3,3,3,3,3,3,3,3,,,,,,,,,,,,,,,
Emma,Lentolan Frisbeegolf,Main,2021-06-03 15:58,32,5,3,4,4,3,4,3,3,4,4,,,,,,,,,,,,,,,
Saikkis,Lentolan Frisbeegolf,Main,2021-06-03 15:58,28,1,3,2,3,4,4,3,3,3,3,,,,,,,,,,,,,,,
Jouni,Lentolan Frisbeegolf,Main,2021-06-03 15:58,26,-1,3,3,2,3,3,2,4,3,3,,,,,,,,,,,,,,,
Henkka,Lentolan Frisbeegolf,Main,2021-06-03 15:58,25,-2,2,3,3,3,3,3,3,3,2,,,,,,,,,,,,,,,
Kimmo,Lentolan Frisbeegolf,Main,2021-06-03 15:58,30,3,3,3,3,4,4,4,3,3,3,,,,,,,,,,,,,,,
Par,Siltamäki,Updated,2021-06-01 19:51,53,,3,3,3,3,3,3,3,3,3,3,3,3,3,3,3,3,3,2,,,,,,
Jouni,Siltamäki,Updated,2021-06-01 19:51,50,-3,3,3,2,3,3,2,2,3,4,3,3,3,3,3,2,3,3,2,,,,,,
Kimmo,Siltamäki,Updated,2021-06-01 19:51,56,3,3,3,3,3,2,3,3,4,4,3,3,4,3,3,3,4,3,2,,,,,,
Ile,Siltamäki,Updated,2021-06-01 19:51,65,12,4,4,3,4,3,3,3,4,4,5,3,4,4,3,3,6,3,2,,,,,,
Par,Keinukallio Discgolf,Main,2021-05-24 16:32,63,,4,3,3,3,4,3,3,3,3,3,4,4,5,4,3,4,3,4,,,,,,
Kimmo,Keinukallio Discgolf,Main,2021-05-24 16:32,95,32,11,4,3,5,6,4,6,4,4,3,5,7,7,5,3,7,4,7,,,,,,
Emma,Keinukallio Discgolf,Main,2021-05-24 16:32,116,53,12,5,6,4,7,7,6,5,4,4,7,10,10,7,4,7,5,6,,,,,,
Saikkis,Keinukallio Discgolf,Main,2021-05-24 16:32,85,22,9,3,6,4,6,4,4,4,4,2,6,6,5,5,3,5,5,4,,,,,,
Jouni,Keinukallio Discgolf,Main,2021-05-24 16:32,89,26,10,5,5,3,7,3,7,4,3,4,5,6,6,4,3,6,3,5,,,,,,
Henkka,Keinukallio Discgolf,Main,2021-05-24 16:32,82,19,6,3,4,3,6,4,4,3,3,3,7,7,6,4,3,6,5,5,,,,,,
Par,Talin Frisbeegolfpuisto,Pro Tour Tali 2020,2021-05-18 17:10,61,,5,4,4,3,4,3,3,3,3,4,3,3,3,3,3,3,4,3,,,,,,
Kimmo,Talin Frisbeegolfpuisto,Pro Tour Tali 2020,2021-05-18 17:10,83,22,6,5,3,5,4,6,3,5,4,5,4,4,4,6,4,5,6,4,,,,,,
Emma,Talin Frisbeegolfpuisto,Pro Tour Tali 2020,2021-05-18 17:10,90,29,9,5,3,4,4,7,4,4,6,6,6,4,6,4,5,3,5,5,,,,,,
Saikkis,Talin Frisbeegolfpuisto,Pro Tour Tali 2020,2021-05-18 17:10,84,23,7,4,2,4,5,5,4,3,3,5,4,7,4,5,4,3,11,4,,,,,,
Jouni,Talin Frisbeegolfpuisto,Pro Tour Tali 2020,2021-05-18 17:10,84,23,6,5,3,3,4,9,5,4,3,5,5,4,5,4,3,3,9,4,,,,,,
Henkka,Talin Frisbeegolfpuisto,Pro Tour Tali 2020,2021-05-18 17:10,77,16,7,6,3,4,4,4,6,5,4,5,3,3,4,4,3,3,6,3,,,,,,
Par,Varistonniitty,Main,2021-05-11 16:48,60,,3,3,3,4,4,3,3,3,3,4,4,3,3,3,4,4,3,3,,,,,,
Teemu,Varistonniitty,Main,2021-05-11 16:48,92,32,4,4,4,6,4,6,4,3,6,8,5,5,4,4,8,9,4,4,,,,,,
Jouni,Varistonniitty,Main,2021-05-11 16:48,67,7,4,3,4,5,4,2,3,3,3,4,4,3,4,3,6,4,3,5,,,,,,
Henkka,Varistonniitty,Main,2021-05-11 16:48,71,11,5,4,4,4,4,3,3,3,4,5,5,3,3,4,6,4,4,3,,,,,,
Antti,Varistonniitty,Main,2021-05-11 16:48,81,21,4,3,6,4,4,4,4,4,5,7,5,5,4,3,7,5,3,4,,,,,,
Par,Puolarmaari,Standard,2021-04-14 16:38,60,,3,3,3,3,3,3,3,3,3,3,3,3,3,3,3,3,3,3,3,3,,,,
Kimmo,Puolarmaari,Standard,2021-04-14 16:38,63,3,3,3,4,4,3,4,4,3,3,2,3,2,3,3,4,3,2,4,3,3,,,,
Emma,Puolarmaari,Standard,2021-04-14 16:38,74,14,4,3,3,4,5,5,4,4,3,4,3,4,4,5,4,4,3,2,3,3,,,,
Saikkis,Puolarmaari,Standard,2021-04-14 16:38,71,11,3,3,3,4,4,3,6,5,3,2,3,3,4,4,4,4,4,3,3,3,,,,
Jouni,Puolarmaari,Standard,2021-04-14 16:38,59,-1,4,3,3,2,3,2,4,4,3,2,3,3,3,2,3,3,2,3,4,3,,,,
Par,Malminiitty,Niitty,2020-12-26 19:08,27,,3,3,3,3,3,3,3,3,3,,,,,,,,,,,,,,,
Kimmo,Malminiitty,Niitty,2020-12-26 19:08,26,-1,3,2,3,3,3,3,3,2,4,,,,,,,,,,,,,,,
Emma,Malminiitty,Niitty,2020-12-26 19:08,31,4,2,3,3,3,4,5,3,3,5,,,,,,,,,,,,,,,
Saikkis,Malminiitty,Niitty,2020-12-26 19:08,26,-1,4,2,3,2,3,3,2,3,4,,,,,,,,,,,,,,,
Jouni,Malminiitty,Niitty,2020-12-26 19:08,23,-4,2,2,2,3,2,3,2,3,4,,,,,,,,,,,,,,,
Henkka,Malminiitty,Niitty,2020-12-26 19:08,28,1,3,2,3,2,4,4,3,3,4,,,,,,,,,,,,,,,
Par,Ford Amateur DiscGolfPark (A1),Main,2020-11-02 16:19,56,,3,3,3,3,3,4,3,3,3,3,3,3,4,3,3,3,3,3,,,,,,
Kimmo,Ford Amateur DiscGolfPark (A1),Main,2020-11-02 16:19,70,14,3,4,4,3,3,6,2,3,4,4,7,3,4,3,3,4,5,5,,,,,,
Emma,Ford Amateur DiscGolfPark (A1),Main,2020-11-02 16:19,74,18,4,4,5,4,5,6,3,3,3,3,4,3,5,7,3,4,4,4,,,,,,
Saikkis,Ford Amateur DiscGolfPark (A1),Main,2020-11-02 16:19,64,8,4,3,4,3,3,6,4,3,3,3,5,4,5,2,3,3,3,3,,,,,,
Jouni,Ford Amateur DiscGolfPark (A1),Main,2020-11-02 16:19,62,6,3,3,4,4,3,5,3,3,2,3,3,3,6,3,3,5,3,3,,,,,,
Henkka,Ford Amateur DiscGolfPark (A1),Main,2020-11-02 16:19,65,9,4,3,4,5,3,5,4,2,3,3,2,4,4,5,4,3,4,3,,,,,,
Par,Kirkkonummen Rata,Vols 18 (2020),2020-10-14 17:03,58,,3,4,3,3,4,3,3,3,3,3,4,3,3,3,3,3,4,3,,,,,,
Kimmo,Kirkkonummen Rata,Vols 18 (2020),2020-10-14 17:03,77,19,4,5,4,4,6,4,3,4,3,4,5,5,4,4,4,4,5,5,,,,,,
Emma,Kirkkonummen Rata,Vols 18 (2020),2020-10-14 17:03,90,32,4,6,5,6,6,4,4,5,4,5,6,5,5,4,4,5,7,5,,,,,,
Saikkis,Kirkkonummen Rata,Vols 18 (2020),2020-10-14 17:03,68,10,3,4,4,3,4,4,3,4,4,4,5,3,4,4,2,4,5,4,,,,,,
Jouni,Kirkkonummen Rata,Vols 18 (2020),2020-10-14 17:03,70,12,3,5,4,3,5,3,2,4,2,4,6,6,3,4,4,3,6,3,,,,,,
Henkka,Kirkkonummen Rata,Vols 18 (2020),2020-10-14 17:03,66,8,2,4,3,3,4,4,3,3,3,4,5,3,4,5,3,4,5,4,,,,,,
Par,Pornainen DiscGolfPark,Main,2020-10-03 19:00,27,,3,3,3,3,3,3,3,3,3,,,,,,,,,,,,,,,
Kimmo,Pornainen DiscGolfPark,Main,2020-10-03 19:00,33,6,3,3,4,3,5,4,4,4,3,,,,,,,,,,,,,,,
Emma,Pornainen DiscGolfPark,Main,2020-10-03 19:00,34,7,4,3,3,4,4,5,4,3,4,,,,,,,,,,,,,,,
Jouni,Pornainen DiscGolfPark,Main,2020-10-03 19:00,25,-2,2,3,2,3,3,3,3,3,3,,,,,,,,,,,,,,,
Par,Pornainen DiscGolfPark,B-Kierros,2020-10-03 18:11,27,,3,3,3,3,3,3,3,3,3,,,,,,,,,,,,,,,
Kimmo,Pornainen DiscGolfPark,B-Kierros,2020-10-03 18:11,36,9,3,3,4,3,6,5,3,6,3,,,,,,,,,,,,,,,
Emma,Pornainen DiscGolfPark,B-Kierros,2020-10-03 18:11,39,12,3,4,6,3,4,5,5,6,3,,,,,,,,,,,,,,,
Jouni,Pornainen DiscGolfPark,B-Kierros,2020-10-03 18:11,28,1,3,5,3,2,3,3,2,4,3,,,,,,,,,,,,,,,
Par,Sahanmäki DiscGolfPark,Sahanmäki 20 väylää (2020),2020-09-19 16:43,64,,3,3,3,4,3,3,3,3,3,3,4,3,3,3,3,4,4,3,3,3,,,,
Kimmo,Sahanmäki DiscGolfPark,Sahanmäki 20 väylää (2020),2020-09-19 16:43,78,14,5,3,2,5,4,5,4,3,3,4,6,4,3,4,3,5,5,3,4,3,,,,
Emma,Sahanmäki DiscGolfPark,Sahanmäki 20 väylää (2020),2020-09-19 16:43,88,24,3,4,4,6,4,4,4,4,4,4,7,5,4,5,3,5,6,4,4,4,,,,
Jouni,Sahanmäki DiscGolfPark,Sahanmäki 20 väylää (2020),2020-09-19 16:43,65,1,3,3,3,4,3,3,3,3,2,4,5,4,2,3,2,4,5,3,3,3,,,,
Par,Kartanonkoski MultiGolfPark,Main,2020-09-18 21:14,27,,3,3,3,3,3,3,3,3,3,,,,,,,,,,,,,,,
Kimmo,Kartanonkoski MultiGolfPark,Main,2020-09-18 21:14,28,1,4,2,4,3,3,2,3,3,4,,,,,,,,,,,,,,,
Emma,Kartanonkoski MultiGolfPark,Main,2020-09-18 21:14,25,-2,2,2,4,3,2,3,3,3,3,,,,,,,,,,,,,,,
Saikkis,Kartanonkoski MultiGolfPark,Main,2020-09-18 21:14,29,2,4,3,3,3,2,3,3,3,5,,,,,,,,,,,,,,,
Jouni,Kartanonkoski MultiGolfPark,Main,2020-09-18 21:14,24,-3,2,2,4,2,2,3,3,3,3,,,,,,,,,,,,,,,
Henkka,Kartanonkoski MultiGolfPark,Main,2020-09-18 21:14,31,4,3,4,4,3,2,3,3,3,6,,,,,,,,,,,,,,,
Par,Siltamäki,Updated,2020-09-18 18:53,53,,3,3,3,3,3,3,3,3,3,3,3,3,3,3,3,3,3,2,,,,,,
Kimmo,Siltamäki,Updated,2020-09-18 18:53,55,2,4,3,3,2,2,2,3,4,3,3,3,4,4,3,3,3,3,3,,,,,,
Emma,Siltamäki,Updated,2020-09-18 18:53,67,14,4,5,3,4,3,4,4,4,4,3,4,3,4,4,3,5,4,2,,,,,,
Saikkis,Siltamäki,Updated,2020-09-18 18:53,51,-2,3,3,3,3,3,3,3,3,3,2,3,3,3,2,2,4,3,2,,,,,,
Jouni,Siltamäki,Updated,2020-09-18 18:53,49,-4,3,4,3,2,2,2,2,4,4,4,2,3,3,2,2,3,2,2,,,,,,
Henkka,Siltamäki,Updated,2020-09-18 18:53,56,3,3,3,2,3,3,2,4,4,4,4,2,3,3,5,3,3,3,2,,,,,,
Par,Keinukallio Discgolf,Main,2020-09-02 16:43,63,,4,3,3,3,4,3,3,3,3,3,4,4,5,4,3,4,3,4,,,,,,
Kimmo,Keinukallio Discgolf,Main,2020-09-02 16:43,96,33,7,4,3,4,9,4,7,4,3,5,5,6,8,5,4,8,4,6,,,,,,
Emma,Keinukallio Discgolf,Main,2020-09-02 16:43,111,48,12,5,5,6,9,5,5,4,4,6,7,7,8,6,4,6,6,6,,,,,,
Saikkis,Keinukallio Discgolf,Main,2020-09-02 16:43,87,24,5,4,4,3,11,3,5,4,5,3,5,5,7,5,4,5,4,5,,,,,,
Jouni,Keinukallio Discgolf,Main,2020-09-02 16:43,86,23,8,3,5,3,6,3,7,5,3,3,6,7,5,4,2,6,3,7,,,,,,
Henkka,Keinukallio Discgolf,Main,2020-09-02 16:43,89,26,6,3,4,5,9,3,7,3,3,5,6,5,7,5,2,6,5,5,,,,,,
Par,Sibbe Disc Golf,Ford Hybrid layout (blue) 2020,2020-08-28 16:26,59,,3,3,4,3,3,5,3,3,4,3,3,3,3,3,3,3,4,3,,,,,,
Kimmo,Sibbe Disc Golf,Ford Hybrid layout (blue) 2020,2020-08-28 16:26,93,34,5,5,8,4,3,13,5,4,6,2,6,5,5,3,6,4,5,4,,,,,,
Emma,Sibbe Disc Golf,Ford Hybrid layout (blue) 2020,2020-08-28 16:26,90,31,5,4,10,3,5,9,5,5,7,2,5,5,3,4,5,3,6,4,,,,,,
Jouni,Sibbe Disc Golf,Ford Hybrid layout (blue) 2020,2020-08-28 16:26,71,12,4,3,7,3,3,9,4,4,5,2,3,4,4,3,3,3,4,3,,,,,,
Par,Hornhattula Frisbeegolf,Main,2020-08-26 19:33,30,,3,3,3,3,3,3,3,3,3,3,,,,,,,,,,,,,,
Kimmo,Hornhattula Frisbeegolf,Main,2020-08-26 19:33,33,3,3,3,4,3,4,4,2,3,2,5,,,,,,,,,,,,,,
Emma,Hornhattula Frisbeegolf,Main,2020-08-26 19:33,36,6,3,3,4,4,4,4,3,5,3,3,,,,,,,,,,,,,,
Jouni,Hornhattula Frisbeegolf,Main,2020-08-26 19:33,30,0,4,3,3,3,4,3,2,3,2,3,,,,,,,,,,,,,,
Par,Malminiitty,Niitty,2020-08-21 20:22,27,,3,3,3,3,3,3,3,3,3,,,,,,,,,,,,,,,
Kimmo,Malminiitty,Niitty,2020-08-21 20:22,32,5,3,2,3,3,5,3,5,4,4,,,,,,,,,,,,,,,
Emma,Malminiitty,Niitty,2020-08-21 20:22,30,3,3,3,4,3,3,3,3,4,4,,,,,,,,,,,,,,,
Saikkis,Malminiitty,Niitty,2020-08-21 20:22,24,-3,2,2,3,3,3,2,3,3,3,,,,,,,,,,,,,,,
Jouni,Malminiitty,Niitty,2020-08-21 20:22,21,-6,2,2,3,2,3,2,2,2,3,,,,,,,,,,,,,,,
Par,Malminiitty,Niitty,2020-08-21 19:09,27,,3,3,3,3,3,3,3,3,3,,,,,,,,,,,,,,,
Kimmo,Malminiitty,Niitty,2020-08-21 19:09,26,-1,3,2,3,3,2,4,3,3,3,,,,,,,,,,,,,,,
Emma,Malminiitty,Niitty,2020-08-21 19:09,28,1,2,3,3,2,4,4,3,4,3,,,,,,,,,,,,,,,
Saikkis,Malminiitty,Niitty,2020-08-21 19:09,26,-1,3,3,3,2,2,3,4,3,3,,,,,,,,,,,,,,,
Jouni,Malminiitty,Niitty,2020-08-21 19:09,26,-1,2,3,4,3,3,3,2,3,3,,,,,,,,,,,,,,,
Par,Ford DiscGolfPark,Blue layout 2021,2020-08-19 19:07,59,,4,3,4,3,4,3,3,3,3,3,4,4,3,3,3,3,3,3,,,,,,
Kimmo,Ford DiscGolfPark,Blue layout 2021,2020-08-19 19:07,83,24,7,4,6,4,5,4,5,3,5,4,6,6,4,5,4,4,4,3,,,,,,
Emma,Ford DiscGolfPark,Blue layout 2021,2020-08-19 19:07,95,36,7,5,8,4,6,3,5,4,5,5,6,6,4,5,4,6,6,6,,,,,,
Saikkis,Ford DiscGolfPark,Blue layout 2021,2020-08-19 19:07,70,11,7,3,5,2,4,3,4,4,3,3,5,5,4,5,3,4,4,2,,,,,,
Jouni,Ford DiscGolfPark,Blue layout 2021,2020-08-19 19:07,64,5,5,2,4,3,7,3,3,4,3,3,4,4,4,3,3,3,4,2,,,,,,
Henkka,Ford DiscGolfPark,Blue layout 2021,2020-08-19 19:07,83,24,8,5,6,4,5,3,4,3,5,5,6,5,4,5,4,3,4,4,,,,,,
Par,Äijänpelto Frisbeegolf,Main,2020-08-17 18:37,62,,3,3,4,3,4,3,4,3,3,3,3,4,3,4,5,3,3,4,,,,,,
Kimmo,Äijänpelto Frisbeegolf,Main,2020-08-17 18:37,90,28,4,4,6,4,6,4,6,4,4,5,4,7,3,6,9,4,4,6,,,,,,
Emma,Äijänpelto Frisbeegolf,Main,2020-08-17 18:37,98,36,4,4,6,5,8,5,10,3,3,4,5,7,4,5,9,5,5,6,,,,,,
Jouni,Äijänpelto Frisbeegolf,Main,2020-08-17 18:37,79,17,3,4,5,3,5,3,5,3,3,3,4,6,4,6,10,4,3,5,,,,,,
Par,Malminiitty,2x Malmari,2020-08-14 19:10,54,,3,3,3,3,3,3,3,3,3,3,3,3,3,3,3,3,3,3,,,,,,
Kimmo,Malminiitty,2x Malmari,2020-08-14 19:10,53,-1,3,3,3,2,2,3,3,4,3,3,3,4,3,2,3,3,3,3,,,,,,
Emma,Malminiitty,2x Malmari,2020-08-14 19:10,61,7,3,2,3,3,3,4,3,4,4,3,3,3,3,4,4,3,5,4,,,,,,
Saikkis,Malminiitty,2x Malmari,2020-08-14 19:10,50,-4,3,3,4,2,2,3,3,3,3,2,3,3,2,3,3,3,3,2,,,,,,
Jouni,Malminiitty,2x Malmari,2020-08-14 19:10,49,-5,2,2,3,2,3,3,3,3,3,3,3,3,3,3,2,3,3,2,,,,,,
Henkka,Malminiitty,2x Malmari,2020-08-14 19:10,51,-3,3,3,2,2,4,3,3,4,2,2,3,3,2,4,3,2,3,3,,,,,,
Teemu,Malminiitty,2x Malmari,2020-08-14 19:10,63,9,3,3,3,4,3,4,3,3,3,4,3,3,4,3,4,4,6,3,,,,,,
Saku,Malminiitty,2x Malmari,2020-08-14 19:10,61,7,3,3,3,3,3,3,3,4,3,3,3,4,2,6,4,4,3,4,,,,,,
Juha,Malminiitty,2x Malmari,2020-08-14 19:10,69,15,4,3,4,3,5,4,4,3,4,4,4,4,3,3,4,5,4,4,,,,,,
Par,Puolarmaari,Standard,2020-08-13 19:03,60,,3,3,3,3,3,3,3,3,3,3,3,3,3,3,3,3,3,3,3,3,,,,
Kimmo,Puolarmaari,Standard,2020-08-13 19:03,62,2,4,3,2,4,4,3,3,3,3,2,2,4,2,4,3,3,4,2,3,4,,,,
Emma,Puolarmaari,Standard,2020-08-13 19:03,70,10,4,3,3,4,4,3,3,4,4,3,3,3,4,3,4,3,3,2,5,5,,,,
Jouni,Puolarmaari,Standard,2020-08-13 19:03,53,-7,3,3,3,3,3,3,3,4,3,2,2,3,2,2,3,3,2,2,2,2,,,,
Par,Kaatis,Takatiit 2020,2020-08-10 17:40,83,,3,5,3,4,4,3,5,3,4,2,4,3,5,3,3,4,3,4,3,3,3,3,3,3
Kimmo,Kaatis,Takatiit 2020,2020-08-10 17:40,131,48,5,6,6,5,7,4,10,4,5,3,9,6,8,4,3,7,5,7,3,4,6,5,4,5
Emma,Kaatis,Takatiit 2020,2020-08-10 17:40,135,52,5,9,6,7,7,4,9,6,5,3,7,4,7,4,3,8,4,7,5,5,4,4,7,5
Saikkis,Kaatis,Takatiit 2020,2020-08-10 17:40,114,31,6,7,5,5,5,3,6,4,5,3,7,4,8,3,4,6,4,5,4,3,3,4,6,4
Jouni,Kaatis,Takatiit 2020,2020-08-10 17:40,109,26,6,6,3,5,3,3,7,4,7,3,6,4,6,3,3,6,3,5,4,4,4,5,5,4
Henkka,Kaatis,Takatiit 2020,2020-08-10 17:40,109,26,4,8,4,6,5,3,8,3,5,5,6,4,6,3,3,6,3,5,3,3,4,4,5,3
Par,Malminiitty,Niitty,2020-08-09 18:32,27,,3,3,3,3,3,3,3,3,3,,,,,,,,,,,,,,,
Kimmo,Malminiitty,Niitty,2020-08-09 18:32,28,1,3,2,3,3,3,3,5,3,3,,,,,,,,,,,,,,,
Jouni,Malminiitty,Niitty,2020-08-09 18:32,23,-4,3,2,2,2,3,3,2,3,3,,,,,,,,,,,,,,,
Par,Malminiitty,Niitty,2020-08-09 17:39,27,,3,3,3,3,3,3,3,3,3,,,,,,,,,,,,,,,
Kimmo,Malminiitty,Niitty,2020-08-09 17:39,27,0,2,3,3,2,3,3,5,3,3,,,,,,,,,,,,,,,
Emma,Malminiitty,Niitty,2020-08-09 17:39,31,4,2,3,4,3,3,5,4,4,3,,,,,,,,,,,,,,,
Jouni,Malminiitty,Niitty,2020-08-09 17:39,26,-1,2,3,3,3,3,3,3,3,3,,,,,,,,,,,,,,,
Par,Kartanonkoski MultiGolfPark,Main,2020-08-06 22:10,27,,3,3,3,3,3,3,3,3,3,,,,,,,,,,,,,,,
Kimmo,Kartanonkoski MultiGolfPark,Main,2020-08-06 22:10,26,-1,4,3,2,2,2,3,3,3,4,,,,,,,,,,,,,,,
Jouni,Kartanonkoski MultiGolfPark,Main,2020-08-06 22:10,20,-7,2,2,3,2,2,2,2,2,3,,,,,,,,,,,,,,,
Par,Kartanonkoski MultiGolfPark,Main,2020-08-06 21:36,27,,3,3,3,3,3,3,3,3,3,,,,,,,,,,,,,,,
Kimmo,Kartanonkoski MultiGolfPark,Main,2020-08-06 21:36,28,1,3,3,4,3,2,2,4,3,4,,,,,,,,,,,,,,,
Jouni,Kartanonkoski MultiGolfPark,Main,2020-08-06 21:36,23,-4,3,3,3,3,3,2,2,2,2,,,,,,,,,,,,,,,
Par,Malminiitty,2x Malmari,2020-08-01 18:00,54,,3,3,3,3,3,3,3,3,3,3,3,3,3,3,3,3,3,3,,,,,,
Kimmo,Malminiitty,2x Malmari,2020-08-01 18:00,63,9,2,3,5,3,4,3,5,4,5,2,3,5,3,3,3,3,3,4,,,,,,
Emma,Malminiitty,2x Malmari,2020-08-01 18:00,57,3,3,3,3,2,3,4,3,4,4,3,3,3,3,4,4,2,3,3,,,,,,
Jouni,Malminiitty,2x Malmari,2020-08-01 18:00,52,-2,3,2,3,2,3,3,3,3,4,3,3,2,3,2,3,4,4,2,,,,,,
Teemu,Malminiitty,2x Malmari,2020-08-01 18:00,59,5,3,3,4,3,4,4,3,3,3,3,2,4,3,4,3,3,3,4,,,,,,
Par,Malminiitty,Niitty,2020-07-30 20:29,27,,3,3,3,3,3,3,3,3,3,,,,,,,,,,,,,,,
Kimmo,Malminiitty,Niitty,2020-07-30 20:29,28,1,3,3,3,3,3,3,3,4,3,,,,,,,,,,,,,,,
Emma,Malminiitty,Niitty,2020-07-30 20:29,28,1,3,3,3,2,4,3,3,4,3,,,,,,,,,,,,,,,
Jouni,Malminiitty,Niitty,2020-07-30 20:29,22,-5,2,3,2,2,2,3,3,3,2,,,,,,,,,,,,,,,
Saku,Malminiitty,Niitty,2020-07-30 20:29,29,2,3,2,3,2,4,4,3,4,4,,,,,,,,,,,,,,,
Par,Röyläntuvan Frisbeegolfkenttä,Main,2020-07-23 21:43,29,,3,3,3,3,4,3,3,4,3,,,,,,,,,,,,,,,
Kimmo,Röyläntuvan Frisbeegolfkenttä,Main,2020-07-23 21:43,39,10,4,3,4,3,4,6,6,5,4,,,,,,,,,,,,,,,
Emma,Röyläntuvan Frisbeegolfkenttä,Main,2020-07-23 21:43,42,13,5,3,5,4,7,5,5,5,3,,,,,,,,,,,,,,,
Jouni,Röyläntuvan Frisbeegolfkenttä,Main,2020-07-23 21:43,31,2,3,3,3,3,5,4,3,4,3,,,,,,,,,,,,,,,
Par,Laaksolahden FrisbeeGolfrata,Main,2020-07-22 21:06,27,,3,3,3,3,3,3,3,3,3,,,,,,,,,,,,,,,
Kimmo,Laaksolahden FrisbeeGolfrata,Main,2020-07-22 21:06,28,1,2,4,2,3,2,4,4,3,4,,,,,,,,,,,,,,,
Emma,Laaksolahden FrisbeeGolfrata,Main,2020-07-22 21:06,29,2,3,3,3,3,3,3,5,3,3,,,,,,,,,,,,,,,
Jouni,Laaksolahden FrisbeeGolfrata,Main,2020-07-22 21:06,24,-3,2,4,3,3,2,3,2,3,2,,,,,,,,,,,,,,,
Par,Malminiitty,Niitty,2020-07-20 18:46,27,,3,3,3,3,3,3,3,3,3,,,,,,,,,,,,,,,
Kimmo,Malminiitty,Niitty,2020-07-20 18:46,28,1,3,3,3,4,2,3,3,3,4,,,,,,,,,,,,,,,
Emma,Malminiitty,Niitty,2020-07-20 18:46,32,5,3,3,3,3,4,3,5,4,4,,,,,,,,,,,,,,,
Saikkis,Malminiitty,Niitty,2020-07-20 18:46,26,-1,2,3,3,3,3,3,4,3,2,,,,,,,,,,,,,,,
Jouni,Malminiitty,Niitty,2020-07-20 18:46,26,-1,3,3,3,3,3,2,3,3,3,,,,,,,,,,,,,,,
Par,Virvik,2018,2020-07-09 19:00,57,,3,3,3,3,3,3,3,4,3,4,3,3,4,3,3,3,3,3,,,,,,
Kimmo,Virvik,2018,2020-07-09 19:00,70,13,4,4,2,3,5,3,4,7,3,5,4,3,4,5,3,4,4,3,,,,,,
Emma,Virvik,2018,2020-07-09 19:00,85,28,4,4,3,5,4,5,5,6,5,6,5,5,6,5,4,5,4,4,,,,,,
Saikkis,Virvik,2018,2020-07-09 19:00,64,7,4,5,3,2,2,3,3,6,4,4,4,3,4,5,2,4,3,3,,,,,,
Jouni,Virvik,2018,2020-07-09 19:00,59,2,3,3,2,2,3,3,3,6,4,3,3,4,6,4,3,2,2,3,,,,,,
Henkka,Virvik,2018,2020-07-09 19:00,70,13,3,5,5,3,4,3,3,6,4,4,4,4,5,5,3,3,3,3,,,,,,
Par,Kartanonkoski MultiGolfPark,Main,2020-07-08 21:26,27,,3,3,3,3,3,3,3,3,3,,,,,,,,,,,,,,,
Kimmo,Kartanonkoski MultiGolfPark,Main,2020-07-08 21:26,28,1,2,4,2,3,4,3,3,3,4,,,,,,,,,,,,,,,
Emma,Kartanonkoski MultiGolfPark,Main,2020-07-08 21:26,32,5,3,3,3,3,4,4,4,3,5,,,,,,,,,,,,,,,
Jouni,Kartanonkoski MultiGolfPark,Main,2020-07-08 21:26,21,-6,3,3,2,2,3,1,2,2,3,,,,,,,,,,,,,,,
Par,Kartanonkoski MultiGolfPark,Main,2020-07-08 20:47,27,,3,3,3,3,3,3,3,3,3,,,,,,,,,,,,,,,
Kimmo,Kartanonkoski MultiGolfPark,Main,2020-07-08 20:47,27,0,4,3,4,2,3,3,3,2,3,,,,,,,,,,,,,,,
Emma,Kartanonkoski MultiGolfPark,Main,2020-07-08 20:47,30,3,3,4,3,2,4,3,4,3,4,,,,,,,,,,,,,,,
Jouni,Kartanonkoski MultiGolfPark,Main,2020-07-08 20:47,25,-2,3,3,3,3,2,3,3,2,3,,,,,,,,,,,,,,,
Par,Munkkiniemi,Munkkiniemi 19,2020-07-07 20:04,27,,3,3,3,3,3,3,3,3,3,,,,,,,,,,,,,,,
Kimmo,Munkkiniemi,Munkkiniemi 19,2020-07-07 20:04,33,6,5,3,3,3,3,4,4,4,4,,,,,,,,,,,,,,,
Emma,Munkkiniemi,Munkkiniemi 19,2020-07-07 20:04,36,9,3,3,3,5,4,4,5,5,4,,,,,,,,,,,,,,,
Jouni,Munkkiniemi,Munkkiniemi 19,2020-07-07 20:04,30,3,3,3,3,5,3,4,3,3,3,,,,,,,,,,,,,,,
Par,Malminiitty,Niitty,2020-07-04 02:40,27,,3,3,3,3,3,3,3,3,3,,,,,,,,,,,,,,,
Kimmo,Malminiitty,Niitty,2020-07-04 02:40,35,8,4,2,3,3,3,5,7,4,4,,,,,,,,,,,,,,,
Emma,Malminiitty,Niitty,2020-07-04 02:40,34,7,3,3,3,3,5,4,4,5,4,,,,,,,,,,,,,,,
Saikkis,Malminiitty,Niitty,2020-07-04 02:40,30,3,2,3,3,3,4,4,4,3,4,,,,,,,,,,,,,,,
Jouni,Malminiitty,Niitty,2020-07-04 02:40,26,-1,2,3,2,3,3,4,3,3,3,,,,,,,,,,,,,,,
Henkka,Malminiitty,Niitty,2020-07-04 02:40,32,5,3,3,3,3,3,4,4,5,4,,,,,,,,,,,,,,,
Teemu,Malminiitty,Niitty,2020-07-04 02:40,28,1,3,3,3,2,4,3,3,4,3,,,,,,,,,,,,,,,
Par,Malminiitty,Niitty,2020-07-04 01:01,27,,3,3,3,3,3,3,3,3,3,,,,,,,,,,,,,,,
Kimmo,Malminiitty,Niitty,2020-07-04 01:01,42,15,4,4,5,5,4,5,6,4,5,,,,,,,,,,,,,,,
Emma,Malminiitty,Niitty,2020-07-04 01:01,32,5,4,3,4,2,4,4,3,4,4,,,,,,,,,,,,,,,
Saikkis,Malminiitty,Niitty,2020-07-04 01:01,29,2,3,3,3,3,3,3,4,3,4,,,,,,,,,,,,,,,
Henkka,Malminiitty,Niitty,2020-07-04 01:01,30,3,3,3,3,3,4,3,5,3,3,,,,,,,,,,,,,,,
Teemu,Malminiitty,Niitty,2020-07-04 01:01,29,2,3,3,4,3,3,3,3,3,4,,,,,,,,,,,,,,,
Jouni,Malminiitty,Niitty,2020-07-04 01:01,28,1,3,3,4,3,3,3,3,3,3,,,,,,,,,,,,,,,
Par,Siltamäki,Main,2020-07-02 17:52,53,,3,3,3,3,3,3,3,3,3,3,3,3,3,3,3,3,3,2,,,,,,
Kimmo,Siltamäki,Main,2020-07-02 17:52,57,4,4,4,2,2,3,3,3,3,4,3,3,4,3,3,3,4,4,2,,,,,,
Saikkis,Siltamäki,Main,2020-07-02 17:52,59,6,3,6,2,4,3,3,2,3,4,3,4,3,3,4,3,4,3,2,,,,,,
Jouni,Siltamäki,Main,2020-07-02 17:52,51,-2,2,2,2,2,3,3,3,4,3,3,3,4,3,2,2,5,3,2,,,,,,
Henkka,Siltamäki,Main,2020-07-02 17:52,57,4,3,4,3,3,2,3,3,4,4,3,3,3,4,2,2,4,4,3,,,,,,
Par,Simonkenttä,Classic,2020-06-30 20:27,32,,3,4,3,3,3,3,3,4,3,3,,,,,,,,,,,,,,
Kimmo,Simonkenttä,Classic,2020-06-30 20:27,38,6,3,5,3,5,4,4,3,4,4,3,,,,,,,,,,,,,,
Emma,Simonkenttä,Classic,2020-06-30 20:27,42,10,3,5,4,4,5,4,6,5,3,3,,,,,,,,,,,,,,
Saikkis,Simonkenttä,Classic,2020-06-30 20:27,39,7,3,6,4,4,4,4,4,4,3,3,,,,,,,,,,,,,,
Jouni,Simonkenttä,Classic,2020-06-30 20:27,37,5,4,5,3,3,4,4,4,4,3,3,,,,,,,,,,,,,,
Henkka,Simonkenttä,Classic,2020-06-30 20:27,34,2,4,4,4,3,3,3,3,4,3,3,,,,,,,,,,,,,,
Teemu,Simonkenttä,Classic,2020-06-30 20:27,42,10,6,7,3,3,4,4,4,5,3,3,,,,,,,,,,,,,,
Par,Kartanonkoski MultiGolfPark,Main,2020-06-27 01:03,27,,3,3,3,3,3,3,3,3,3,,,,,,,,,,,,,,,
Kimmo,Kartanonkoski MultiGolfPark,Main,2020-06-27 01:03,25,-2,3,2,3,2,3,4,2,2,4,,,,,,,,,,,,,,,
Jouni,Kartanonkoski MultiGolfPark,Main,2020-06-27 01:03,36,9,3,4,4,3,3,4,7,3,5,,,,,,,,,,,,,,,
Par,Kartanonkoski MultiGolfPark,Main,2020-06-22 21:46,27,,3,3,3,3,3,3,3,3,3,,,,,,,,,,,,,,,
Kimmo,Kartanonkoski MultiGolfPark,Main,2020-06-22 21:46,25,-2,3,3,3,2,3,2,2,3,4,,,,,,,,,,,,,,,
Emma,Kartanonkoski MultiGolfPark,Main,2020-06-22 21:46,25,-2,3,3,3,2,2,3,3,3,3,,,,,,,,,,,,,,,
Saikkis,Kartanonkoski MultiGolfPark,Main,2020-06-22 21:46,28,1,3,3,4,3,3,3,3,2,4,,,,,,,,,,,,,,,
Jouni,Kartanonkoski MultiGolfPark,Main,2020-06-22 21:46,20,-7,2,2,2,3,2,2,3,2,2,,,,,,,,,,,,,,,
Henkka,Kartanonkoski MultiGolfPark,Main,2020-06-22 21:46,29,2,4,3,3,3,3,3,2,3,5,,,,,,,,,,,,,,,
Teemu,Kartanonkoski MultiGolfPark,Main,2020-06-22 21:46,26,-1,3,3,4,3,2,2,3,2,4,,,,,,,,,,,,,,,
Par,Kartanonkoski MultiGolfPark,Main,2020-06-22 21:05,27,,3,3,3,3,3,3,3,3,3,,,,,,,,,,,,,,,
Kimmo,Kartanonkoski MultiGolfPark,Main,2020-06-22 21:05,22,-5,2,2,2,3,3,2,2,2,4,,,,,,,,,,,,,,,
Emma,Kartanonkoski MultiGolfPark,Main,2020-06-22 21:05,26,-1,2,3,3,3,3,3,3,3,3,,,,,,,,,,,,,,,
Saikkis,Kartanonkoski MultiGolfPark,Main,2020-06-22 21:05,23,-4,3,3,3,2,2,2,3,2,3,,,,,,,,,,,,,,,
Jouni,Kartanonkoski MultiGolfPark,Main,2020-06-22 21:05,19,-8,2,3,2,2,2,2,2,2,2,,,,,,,,,,,,,,,
Henkka,Kartanonkoski MultiGolfPark,Main,2020-06-22 21:05,20,-7,3,2,2,2,2,2,2,2,3,,,,,,,,,,,,,,,
Teemu,Kartanonkoski MultiGolfPark,Main,2020-06-22 21:05,28,1,3,3,3,4,3,3,3,3,3,,,,,,,,,,,,,,,
Par,Ford DiscGolfPark,Blue layout 2021,2020-06-22 17:41,59,,4,3,4,3,4,3,3,3,3,3,4,4,3,3,3,3,3,3,,,,,,
Kimmo,Ford DiscGolfPark,Blue layout 2021,2020-06-22 17:41,85,26,5,5,7,3,6,3,5,3,5,4,8,6,4,6,4,3,5,3,,,,,,
Emma,Ford DiscGolfPark,Blue layout 2021,2020-06-22 17:41,91,32,8,4,7,3,7,4,4,5,7,5,6,6,3,5,4,4,6,3,,,,,,
Saikkis,Ford DiscGolfPark,Blue layout 2021,2020-06-22 17:41,72,13,6,4,5,3,4,3,3,3,4,4,4,5,4,5,3,3,5,4,,,,,,
Jouni,Ford DiscGolfPark,Blue layout 2021,2020-06-22 17:41,73,14,6,5,4,3,5,3,5,5,4,3,4,4,3,6,4,3,4,2,,,,,,
Henkka,Ford DiscGolfPark,Blue layout 2021,2020-06-22 17:41,70,11,6,3,4,3,4,4,4,4,5,3,5,5,3,4,3,3,3,4,,,,,,
Teemu,Ford DiscGolfPark,Blue layout 2021,2020-06-22 17:41,89,30,6,3,7,4,5,3,5,4,5,4,6,7,5,5,5,5,5,5,,,,,,
Par,Malminiitty,Niitty,2020-06-18 22:07,27,,3,3,3,3,3,3,3,3,3,,,,,,,,,,,,,,,
Kimmo,Malminiitty,Niitty,2020-06-18 22:07,28,1,3,2,4,3,3,3,3,3,4,,,,,,,,,,,,,,,
Emma,Malminiitty,Niitty,2020-06-18 22:07,28,1,3,3,2,3,3,4,3,4,3,,,,,,,,,,,,,,,
Saikkis,Malminiitty,Niitty,2020-06-18 22:07,23,-4,3,2,3,2,3,3,3,2,2,,,,,,,,,,,,,,,
Jouni,Malminiitty,Niitty,2020-06-18 22:07,24,-3,2,2,3,2,3,3,3,3,3,,,,,,,,,,,,,,,
Henkka,Malminiitty,Niitty,2020-06-18 22:07,28,1,3,3,3,4,3,2,3,4,3,,,,,,,,,,,,,,,
Teemu,Malminiitty,Niitty,2020-06-18 22:07,28,1,3,3,4,2,2,4,4,3,3,,,,,,,,,,,,,,,
Par,Kartanonkoski MultiGolfPark,Main,2020-06-14 21:53,27,,3,3,3,3,3,3,3,3,3,,,,,,,,,,,,,,,
Kimmo,Kartanonkoski MultiGolfPark,Main,2020-06-14 21:53,21,-6,3,2,2,2,2,2,3,2,3,,,,,,,,,,,,,,,
Emma,Kartanonkoski MultiGolfPark,Main,2020-06-14 21:53,24,-3,3,2,3,3,2,2,3,2,4,,,,,,,,,,,,,,,
Jouni,Kartanonkoski MultiGolfPark,Main,2020-06-14 21:53,22,-5,2,2,3,2,2,3,3,2,3,,,,,,,,,,,,,,,
Par,Kartanonkoski MultiGolfPark,Main,2020-06-14 21:18,27,,3,3,3,3,3,3,3,3,3,,,,,,,,,,,,,,,
Kimmo,Kartanonkoski MultiGolfPark,Main,2020-06-14 21:18,27,0,3,3,3,2,3,2,3,3,5,,,,,,,,,,,,,,,
Emma,Kartanonkoski MultiGolfPark,Main,2020-06-14 21:18,26,-1,3,2,3,3,3,3,3,2,4,,,,,,,,,,,,,,,
Jouni,Kartanonkoski MultiGolfPark,Main,2020-06-14 21:18,21,-6,2,2,3,2,3,2,2,2,3,,,,,,,,,,,,,,,
Par,Malminiitty,Niitty,2020-06-13 22:11,27,,3,3,3,3,3,3,3,3,3,,,,,,,,,,,,,,,
Kimmo,Malminiitty,Niitty,2020-06-13 22:11,29,2,3,3,3,3,2,4,4,3,4,,,,,,,,,,,,,,,
Emma,Malminiitty,Niitty,2020-06-13 22:11,30,3,3,3,3,2,3,4,4,4,4,,,,,,,,,,,,,,,
Saikkis,Malminiitty,Niitty,2020-06-13 22:11,27,0,3,2,3,3,3,3,3,4,3,,,,,,,,,,,,,,,
Jouni,Malminiitty,Niitty,2020-06-13 22:11,25,-2,2,3,3,3,3,3,2,3,3,,,,,,,,,,,,,,,
Henkka,Malminiitty,Niitty,2020-06-13 22:11,24,-3,2,2,2,2,2,4,3,3,4,,,,,,,,,,,,,,,
Par,Simonkenttä,Main,2020-06-06 17:17,30,,3,3,3,3,3,3,3,3,3,3,,,,,,,,,,,,,,
Kimmo,Simonkenttä,Main,2020-06-06 17:17,35,5,3,4,3,3,2,6,4,3,3,4,,,,,,,,,,,,,,
Emma,Simonkenttä,Main,2020-06-06 17:17,35,5,3,3,3,2,3,5,4,3,4,5,,,,,,,,,,,,,,
Saikkis,Simonkenttä,Main,2020-06-06 17:17,30,0,3,4,3,3,3,3,4,2,2,3,,,,,,,,,,,,,,
Jouni,Simonkenttä,Main,2020-06-06 17:17,28,-2,2,2,4,2,3,4,2,3,3,3,,,,,,,,,,,,,,
Par,Kartanonkoski MultiGolfPark,Main,2020-06-04 20:56,27,,3,3,3,3,3,3,3,3,3,,,,,,,,,,,,,,,
Kimmo,Kartanonkoski MultiGolfPark,Main,2020-06-04 20:56,28,1,3,3,5,3,2,3,3,3,3,,,,,,,,,,,,,,,
Emma,Kartanonkoski MultiGolfPark,Main,2020-06-04 20:56,29,2,3,2,4,3,3,3,3,3,5,,,,,,,,,,,,,,,
Saikkis,Kartanonkoski MultiGolfPark,Main,2020-06-04 20:56,25,-2,3,3,3,3,2,3,3,2,3,,,,,,,,,,,,,,,
Jouni,Kartanonkoski MultiGolfPark,Main,2020-06-04 20:56,20,-7,3,2,2,2,2,2,3,2,2,,,,,,,,,,,,,,,
Par,Kartanonkoski MultiGolfPark,Main,2020-06-04 20:19,27,,3,3,3,3,3,3,3,3,3,,,,,,,,,,,,,,,
Kimmo,Kartanonkoski MultiGolfPark,Main,2020-06-04 20:19,23,-4,2,3,2,2,2,3,3,2,4,,,,,,,,,,,,,,,
Emma,Kartanonkoski MultiGolfPark,Main,2020-06-04 20:19,25,-2,2,2,4,2,4,2,3,3,3,,,,,,,,,,,,,,,
Saikkis,Kartanonkoski MultiGolfPark,Main,2020-06-04 20:19,23,-4,2,2,3,3,2,3,3,2,3,,,,,,,,,,,,,,,
Jouni,Kartanonkoski MultiGolfPark,Main,2020-06-04 20:19,23,-4,3,3,3,2,3,2,3,2,2,,,,,,,,,,,,,,,
Par,Siltamäki,Updated,2020-06-02 18:56,53,,3,3,3,3,3,3,3,3,3,3,3,3,3,3,3,3,3,2,,,,,,
Kimmo,Siltamäki,Updated,2020-06-02 18:56,58,5,4,5,2,3,2,3,3,3,4,4,3,4,4,3,3,3,3,2,,,,,,
Emma,Siltamäki,Updated,2020-06-02 18:56,75,22,3,4,4,3,3,4,3,5,7,4,5,5,5,5,5,5,3,2,,,,,,
Jouni,Siltamäki,Updated,2020-06-02 18:56,57,4,4,3,2,3,2,2,3,4,4,3,3,4,3,3,3,5,3,3,,,,,,
Par,Kartanonkoski MultiGolfPark,Main,2020-05-28 19:54,27,,3,3,3,3,3,3,3,3,3,,,,,,,,,,,,,,,
Kimmo,Kartanonkoski MultiGolfPark,Main,2020-05-28 19:54,35,8,3,5,5,3,4,3,5,3,4,,,,,,,,,,,,,,,
Emma,Kartanonkoski MultiGolfPark,Main,2020-05-28 19:54,28,1,2,4,3,3,3,3,3,3,4,,,,,,,,,,,,,,,
Saikkis,Kartanonkoski MultiGolfPark,Main,2020-05-28 19:54,27,0,3,3,3,3,3,3,3,3,3,,,,,,,,,,,,,,,
Jouni,Kartanonkoski MultiGolfPark,Main,2020-05-28 19:54,26,-1,3,3,4,3,3,3,2,2,3,,,,,,,,,,,,,,,
Henkka,Kartanonkoski MultiGolfPark,Main,2020-05-28 19:54,30,3,4,3,3,3,6,3,2,3,3,,,,,,,,,,,,,,,
Par,Meilahden kiekkogolfrata,Main,2020-05-26 19:14,48,,3,3,3,3,3,3,3,3,3,3,3,3,3,3,3,3,,,,,,,,
Kimmo,Meilahden kiekkogolfrata,Main,2020-05-26 19:14,58,10,4,3,4,4,4,4,4,3,4,4,2,3,4,5,4,2,,,,,,,,
Jouni,Meilahden kiekkogolfrata,Main,2020-05-26 19:14,48,0,3,3,3,3,3,2,3,3,3,3,3,2,4,5,2,3,,,,,,,,
Par,Laaksolahden FrisbeeGolfrata,Main,2020-05-25 21:45,27,,3,3,3,3,3,3,3,3,3,,,,,,,,,,,,,,,
Kimmo,Laaksolahden FrisbeeGolfrata,Main,2020-05-25 21:45,24,-3,3,3,2,3,2,3,2,3,3,,,,,,,,,,,,,,,
Emma,Laaksolahden FrisbeeGolfrata,Main,2020-05-25 21:45,29,2,2,4,2,2,3,5,4,3,4,,,,,,,,,,,,,,,
Saikkis,Laaksolahden FrisbeeGolfrata,Main,2020-05-25 21:45,23,-4,2,2,2,3,3,2,3,3,3,,,,,,,,,,,,,,,
Jouni,Laaksolahden FrisbeeGolfrata,Main,2020-05-25 21:45,23,-4,2,2,3,3,2,3,3,3,2,,,,,,,,,,,,,,,
Par,Laaksolahden FrisbeeGolfrata,Main,2020-05-25 21:01,27,,3,3,3,3,3,3,3,3,3,,,,,,,,,,,,,,,
Kimmo,Laaksolahden FrisbeeGolfrata,Main,2020-05-25 21:01,23,-4,2,3,3,3,3,2,3,2,2,,,,,,,,,,,,,,,
Emma,Laaksolahden FrisbeeGolfrata,Main,2020-05-25 21:01,28,1,4,3,3,2,3,4,3,3,3,,,,,,,,,,,,,,,
Saikkis,Laaksolahden FrisbeeGolfrata,Main,2020-05-25 21:01,26,-1,3,3,2,3,3,3,3,3,3,,,,,,,,,,,,,,,
Jouni,Laaksolahden FrisbeeGolfrata,Main,2020-05-25 21:01,25,-2,3,2,2,2,2,3,4,3,4,,,,,,,,,,,,,,,
Par,Simonkenttä,Main,2020-05-21 19:15,30,,3,3,3,3,3,3,3,3,3,3,,,,,,,,,,,,,,
Kimmo,Simonkenttä,Main,2020-05-21 19:15,31,1,3,3,3,2,4,3,3,3,2,5,,,,,,,,,,,,,,
Emma,Simonkenttä,Main,2020-05-21 19:15,35,5,4,3,3,4,5,3,3,3,4,3,,,,,,,,,,,,,,
Saikkis,Simonkenttä,Main,2020-05-21 19:15,28,-2,3,3,3,3,3,3,2,2,3,3,,,,,,,,,,,,,,
Jouni,Simonkenttä,Main,2020-05-21 19:15,27,-3,2,2,3,2,3,4,3,3,2,3,,,,,,,,,,,,,,
Par,Kivikko Frisbeegolf Park,Main,2020-05-19 19:26,56,,3,3,3,3,3,4,4,3,3,3,3,3,3,3,3,3,3,3,,,,,,
Kimmo,Kivikko Frisbeegolf Park,Main,2020-05-19 19:26,72,16,3,5,5,4,3,5,5,3,4,5,3,6,5,3,3,3,3,4,,,,,,
Emma,Kivikko Frisbeegolf Park,Main,2020-05-19 19:26,81,25,7,5,3,4,5,6,7,4,4,5,4,5,4,3,3,3,4,5,,,,,,
Saikkis,Kivikko Frisbeegolf Park,Main,2020-05-19 19:26,66,10,4,4,3,4,4,5,5,3,4,4,3,5,4,2,2,4,3,3,,,,,,
Jouni,Kivikko Frisbeegolf Park,Main,2020-05-19 19:26,66,10,4,4,4,5,3,3,5,3,3,5,3,5,3,3,2,4,3,4,,,,,,
Henkka,Kivikko Frisbeegolf Park,Main,2020-05-19 19:26,67,11,4,4,3,4,6,5,5,2,3,4,3,3,3,4,3,4,3,4,,,,,,
Par,Munkkiniemi,Munkkiniemi 19,2020-05-17 19:56,27,,3,3,3,3,3,3,3,3,3,,,,,,,,,,,,,,,
Kimmo,Munkkiniemi,Munkkiniemi 19,2020-05-17 19:56,35,8,4,2,3,4,4,4,6,4,4,,,,,,,,,,,,,,,
Emma,Munkkiniemi,Munkkiniemi 19,2020-05-17 19:56,39,12,4,4,4,5,3,5,5,4,5,,,,,,,,,,,,,,,
Jouni,Munkkiniemi,Munkkiniemi 19,2020-05-17 19:56,28,1,3,3,2,4,3,4,3,3,3,,,,,,,,,,,,,,,
Par,Munkkiniemi,Munkkiniemi 19,2020-05-17 19:04,27,,3,3,3,3,3,3,3,3,3,,,,,,,,,,,,,,,
Kimmo,Munkkiniemi,Munkkiniemi 19,2020-05-17 19:04,38,11,5,5,3,4,3,4,5,4,5,,,,,,,,,,,,,,,
Emma,Munkkiniemi,Munkkiniemi 19,2020-05-17 19:04,40,13,5,5,3,4,4,4,5,5,5,,,,,,,,,,,,,,,
Jouni,Munkkiniemi,Munkkiniemi 19,2020-05-17 19:04,28,1,3,3,2,3,3,3,4,3,4,,,,,,,,,,,,,,,
Par,Kartanonkoski MultiGolfPark,Main,2020-05-16 21:27,27,,3,3,3,3,3,3,3,3,3,,,,,,,,,,,,,,,
Kimmo,Kartanonkoski MultiGolfPark,Main,2020-05-16 21:27,25,-2,2,3,2,2,3,4,3,2,4,,,,,,,,,,,,,,,
Emma,Kartanonkoski MultiGolfPark,Main,2020-05-16 21:27,30,3,3,5,4,3,2,3,3,3,4,,,,,,,,,,,,,,,
Jouni,Kartanonkoski MultiGolfPark,Main,2020-05-16 21:27,25,-2,3,4,3,2,2,2,3,3,3,,,,,,,,,,,,,,,
Par,Kartanonkoski MultiGolfPark,Main,2020-05-16 20:44,27,,3,3,3,3,3,3,3,3,3,,,,,,,,,,,,,,,
Kimmo,Kartanonkoski MultiGolfPark,Main,2020-05-16 20:44,30,3,2,3,3,4,4,3,4,3,4,,,,,,,,,,,,,,,
Emma,Kartanonkoski MultiGolfPark,Main,2020-05-16 20:44,26,-1,3,2,4,3,2,3,3,2,4,,,,,,,,,,,,,,,
Jouni,Kartanonkoski MultiGolfPark,Main,2020-05-16 20:44,24,-3,2,3,2,2,2,3,4,3,3,,,,,,,,,,,,,,,
Par,Siltamäki,Updated,2020-05-15 20:20,53,,3,3,3,3,3,3,3,3,3,3,3,3,3,3,3,3,3,2,,,,,,
Kimmo,Siltamäki,Updated,2020-05-15 20:20,73,20,6,3,4,2,3,5,3,4,5,3,5,4,5,4,4,4,5,4,,,,,,
Emma,Siltamäki,Updated,2020-05-15 20:20,68,15,4,5,3,3,3,4,3,4,6,3,4,5,3,4,3,4,3,4,,,,,,
Saikkis,Siltamäki,Updated,2020-05-15 20:20,59,6,4,5,3,3,3,3,2,4,5,3,3,3,4,3,3,3,3,2,,,,,,
Jouni,Siltamäki,Updated,2020-05-15 20:20,53,0,4,3,2,2,2,3,3,3,3,3,3,3,3,3,2,4,3,4,,,,,,
Par,Kartanonkoski MultiGolfPark,Main,2020-05-13 20:37,27,,3,3,3,3,3,3,3,3,3,,,,,,,,,,,,,,,
Kimmo,Kartanonkoski MultiGolfPark,Main,2020-05-13 20:37,26,-1,2,3,3,3,3,2,3,2,5,,,,,,,,,,,,,,,
Emma,Kartanonkoski MultiGolfPark,Main,2020-05-13 20:37,26,-1,3,2,3,3,2,4,4,2,3,,,,,,,,,,,,,,,
Jouni,Kartanonkoski MultiGolfPark,Main,2020-05-13 20:37,21,-6,2,3,3,2,2,2,2,2,3,,,,,,,,,,,,,,,
Par,Kartanonkoski MultiGolfPark,Main,2020-05-13 20:04,27,,3,3,3,3,3,3,3,3,3,,,,,,,,,,,,,,,
Kimmo,Kartanonkoski MultiGolfPark,Main,2020-05-13 20:04,25,-2,2,2,3,3,3,2,3,3,4,,,,,,,,,,,,,,,
Emma,Kartanonkoski MultiGolfPark,Main,2020-05-13 20:04,25,-2,3,3,3,2,2,4,3,2,3,,,,,,,,,,,,,,,
Jouni,Kartanonkoski MultiGolfPark,Main,2020-05-13 20:04,22,-5,2,3,3,2,2,2,3,2,3,,,,,,,,,,,,,,,
Par,Siltamäki,Updated,2020-05-07 19:07,53,,3,3,3,3,3,3,3,3,3,3,3,3,3,3,3,3,3,2,,,,,,
Kimmo,Siltamäki,Updated,2020-05-07 19:07,67,14,4,4,3,3,4,3,3,4,5,4,4,5,4,3,4,4,3,3,,,,,,
Emma,Siltamäki,Updated,2020-05-07 19:07,72,19,6,7,4,3,4,3,3,4,4,4,5,5,3,3,3,6,3,2,,,,,,
Saikkis,Siltamäki,Updated,2020-05-07 19:07,56,3,5,3,4,3,4,3,2,3,3,3,3,3,3,3,2,4,3,2,,,,,,
Jouni,Siltamäki,Updated,2020-05-07 19:07,52,-1,3,3,3,4,3,2,3,3,4,4,2,3,4,2,2,3,2,2,,,,,,
Henkka,Siltamäki,Updated,2020-05-07 19:07,64,11,5,3,3,4,3,2,3,5,4,2,3,4,5,4,5,3,3,3,,,,,,
Par,Kartanonkoski MultiGolfPark,Main,2020-05-05 20:33,27,,3,3,3,3,3,3,3,3,3,,,,,,,,,,,,,,,
Kimmo,Kartanonkoski MultiGolfPark,Main,2020-05-05 20:33,25,-2,2,2,2,3,3,3,2,3,5,,,,,,,,,,,,,,,
Emma,Kartanonkoski MultiGolfPark,Main,2020-05-05 20:33,25,-2,2,3,3,2,3,3,3,3,3,,,,,,,,,,,,,,,
Saikkis,Kartanonkoski MultiGolfPark,Main,2020-05-05 20:33,24,-3,3,3,3,2,3,2,3,2,3,,,,,,,,,,,,,,,
Jouni,Kartanonkoski MultiGolfPark,Main,2020-05-05 20:33,20,-7,2,2,2,2,2,2,3,2,3,,,,,,,,,,,,,,,
Par,Kartanonkoski MultiGolfPark,Main,2020-05-05 19:56,27,,3,3,3,3,3,3,3,3,3,,,,,,,,,,,,,,,
Kimmo,Kartanonkoski MultiGolfPark,Main,2020-05-05 19:56,29,2,4,2,3,2,4,4,2,4,4,,,,,,,,,,,,,,,
Emma,Kartanonkoski MultiGolfPark,Main,2020-05-05 19:56,27,0,3,2,3,2,3,3,5,2,4,,,,,,,,,,,,,,,
Saikkis,Kartanonkoski MultiGolfPark,Main,2020-05-05 19:56,25,-2,3,3,3,2,3,3,3,2,3,,,,,,,,,,,,,,,
Jouni,Kartanonkoski MultiGolfPark,Main,2020-05-05 19:56,23,-4,2,3,3,2,2,2,3,3,3,,,,,,,,,,,,,,,
Par,Lemmenlaakson Frisbeegolfrata,Vakio layout,2020-05-02 15:23,59,,3,4,4,3,3,3,3,3,3,3,3,3,3,4,4,3,4,3,,,,,,
Kimmo,Lemmenlaakson Frisbeegolfrata,Vakio layout,2020-05-02 15:23,87,28,4,5,7,5,4,3,3,8,3,5,4,5,3,7,5,5,8,3,,,,,,
Emma,Lemmenlaakson Frisbeegolfrata,Vakio layout,2020-05-02 15:23,96,37,5,6,8,7,4,5,4,5,3,7,3,7,4,6,7,5,6,4,,,,,,
Saikkis,Lemmenlaakson Frisbeegolfrata,Vakio layout,2020-05-02 15:23,72,13,5,8,4,4,5,3,3,3,3,5,3,3,4,4,5,3,4,3,,,,,,
Jouni,Lemmenlaakson Frisbeegolfrata,Vakio layout,2020-05-02 15:23,70,11,4,10,4,3,4,3,4,3,3,3,3,3,3,5,6,2,4,3,,,,,,
Par,Munkkiniemi,Munkkiniemi 19,2020-04-28 19:42,27,,3,3,3,3,3,3,3,3,3,,,,,,,,,,,,,,,
Kimmo,Munkkiniemi,Munkkiniemi 19,2020-04-28 19:42,35,8,4,4,3,4,4,4,4,4,4,,,,,,,,,,,,,,,
Emma,Munkkiniemi,Munkkiniemi 19,2020-04-28 19:42,40,13,5,3,5,5,4,5,5,4,4,,,,,,,,,,,,,,,
Saikkis,Munkkiniemi,Munkkiniemi 19,2020-04-28 19:42,31,4,3,4,3,4,3,5,3,3,3,,,,,,,,,,,,,,,
Jouni,Munkkiniemi,Munkkiniemi 19,2020-04-28 19:42,33,6,4,3,2,4,3,4,6,4,3,,,,,,,,,,,,,,,
Par,Varistonniitty,Main,2020-04-26 22:09,60,,3,3,3,4,4,3,3,3,3,4,4,3,3,3,4,4,3,3,,,,,,
Kimmo,Varistonniitty,Main,2020-04-26 22:09,89,29,4,4,5,5,6,3,3,6,4,6,5,5,5,5,7,7,5,4,,,,,,
Emma,Varistonniitty,Main,2020-04-26 22:09,100,40,6,5,5,7,7,5,4,5,5,6,5,4,4,6,8,8,4,6,,,,,,
Jouni,Varistonniitty,Main,2020-04-26 22:09,76,16,4,3,4,5,4,3,3,6,3,5,5,4,5,3,5,6,4,4,,,,,,
Par,Siltamäki,Updated,2020-04-25 19:08,53,,3,3,3,3,3,3,3,3,3,3,3,3,3,3,3,3,3,2,,,,,,
Kimmo,Siltamäki,Updated,2020-04-25 19:08,62,9,3,3,3,3,3,4,3,4,3,4,3,3,3,5,4,4,4,3,,,,,,
Emma,Siltamäki,Updated,2020-04-25 19:08,70,17,4,5,3,3,5,3,4,4,5,4,3,4,3,5,4,5,4,2,,,,,,
Saikkis,Siltamäki,Updated,2020-04-25 19:08,54,1,2,3,2,2,3,4,3,4,3,3,2,4,5,3,3,3,3,2,,,,,,
Jouni,Siltamäki,Updated,2020-04-25 19:08,52,-1,5,3,2,2,2,2,2,3,4,3,3,3,4,3,3,3,3,2,,,,,,
Par,Grani DiscGolfPark,Main,2020-04-21 19:22,27,,3,3,3,3,3,3,3,3,3,,,,,,,,,,,,,,,
Kimmo,Grani DiscGolfPark,Main,2020-04-21 19:22,30,3,3,4,4,4,4,3,2,3,3,,,,,,,,,,,,,,,
Emma,Grani DiscGolfPark,Main,2020-04-21 19:22,39,12,4,4,6,5,4,5,3,4,4,,,,,,,,,,,,,,,
Jouni,Grani DiscGolfPark,Main,2020-04-21 19:22,29,2,3,3,3,3,4,3,3,3,4,,,,,,,,,,,,,,,
Par,Grani DiscGolfPark,Main,2020-04-21 18:16,27,,3,3,3,3,3,3,3,3,3,,,,,,,,,,,,,,,
Kimmo,Grani DiscGolfPark,Main,2020-04-21 18:16,34,7,4,3,3,4,5,3,4,5,3,,,,,,,,,,,,,,,
Emma,Grani DiscGolfPark,Main,2020-04-21 18:16,36,9,3,4,4,5,4,4,4,4,4,,,,,,,,,,,,,,,
Jouni,Grani DiscGolfPark,Main,2020-04-21 18:16,28,1,3,4,2,3,5,3,3,2,3,,,,,,,,,,,,,,,
Par,Simonkenttä,Classic,2020-04-20 19:35,32,,3,4,3,3,3,3,3,4,3,3,,,,,,,,,,,,,,
Kimmo,Simonkenttä,Classic,2020-04-20 19:35,39,7,4,5,3,4,4,4,4,5,3,3,,,,,,,,,,,,,,
Emma,Simonkenttä,Classic,2020-04-20 19:35,48,16,5,5,4,4,7,5,4,6,3,5,,,,,,,,,,,,,,
Saikkis,Simonkenttä,Classic,2020-04-20 19:35,37,5,3,4,3,3,4,3,4,6,3,4,,,,,,,,,,,,,,
Jouni,Simonkenttä,Classic,2020-04-20 19:35,34,2,3,4,4,4,3,3,3,4,3,3,,,,,,,,,,,,,,
Henkka,Simonkenttä,Classic,2020-04-20 19:35,33,1,3,4,4,3,3,3,3,4,3,3,,,,,,,,,,,,,,
Par,Röyläntuvan Frisbeegolfkenttä,Main,2020-04-13 17:22,29,,3,3,3,3,4,3,3,4,3,,,,,,,,,,,,,,,
Kimmo,Röyläntuvan Frisbeegolfkenttä,Main,2020-04-13 17:22,39,10,4,3,4,3,6,6,5,4,4,,,,,,,,,,,,,,,
Jouni,Röyläntuvan Frisbeegolfkenttä,Main,2020-04-13 17:22,28,-1,4,3,3,3,4,3,3,3,2,,,,,,,,,,,,,,,
Saikkis,Röyläntuvan Frisbeegolfkenttä,Main,2020-04-13 17:22,34,5,3,3,4,3,6,5,4,4,2,,,,,,,,,,,,,,,
Par,Simonkenttä,Main,2020-04-09 22:39,30,,3,3,3,3,3,3,3,3,3,3,,,,,,,,,,,,,,
Kimmo,Simonkenttä,Main,2020-04-09 22:39,30,0,3,3,3,3,3,3,2,3,3,4,,,,,,,,,,,,,,
Henu,Simonkenttä,Main,2020-04-09 22:39,35,5,2,4,3,3,3,4,5,2,4,5,,,,,,,,,,,,,,
Emma,Simonkenttä,Main,2020-04-09 22:39,41,11,3,4,5,3,4,5,4,5,3,5,,,,,,,,,,,,,,
Saikkis,Simonkenttä,Main,2020-04-09 22:39,27,-3,2,3,2,3,3,3,2,3,3,3,,,,,,,,,,,,,,
Jouni,Simonkenttä,Main,2020-04-09 22:39,27,-3,2,3,3,3,3,3,3,2,2,3,,,,,,,,,,,,,,
Teemu,Simonkenttä,Main,2020-04-09 22:39,36,6,3,4,3,3,4,5,3,3,4,4,,,,,,,,,,,,,,
Par,Söderkullan frisbeegolfrata,Main 2018,2020-03-21 16:27,37,,3,3,3,3,3,3,3,4,3,3,3,3,,,,,,,,,,,,
Kimmo,Söderkullan frisbeegolfrata,Main 2018,2020-03-21 16:27,46,9,3,4,3,3,4,3,4,6,3,5,5,3,,,,,,,,,,,,
Saikkis,Söderkullan frisbeegolfrata,Main 2018,2020-03-21 16:27,42,5,3,4,3,3,3,3,4,6,3,4,3,3,,,,,,,,,,,,
Jouni,Söderkullan frisbeegolfrata,Main 2018,2020-03-21 16:27,39,2,3,3,4,3,5,3,3,5,2,3,3,2,,,,,,,,,,,,
Mikko,Söderkullan frisbeegolfrata,Main 2018,2020-03-21 16:27,41,4,3,3,4,3,4,4,2,4,3,5,3,3,,,,,,,,,,,,
Par,Malminiitty,Vakio layout,2020-03-07 15:26,27,,3,3,3,3,3,3,3,3,3,,,,,,,,,,,,,,,
Kimmo,Malminiitty,Vakio layout,2020-03-07 15:26,29,2,3,3,3,4,3,4,3,3,3,,,,,,,,,,,,,,,
Saikkis,Malminiitty,Vakio layout,2020-03-07 15:26,28,1,3,4,3,2,3,4,3,3,3,,,,,,,,,,,,,,,
Jouni,Malminiitty,Vakio layout,2020-03-07 15:26,23,-4,2,2,3,2,3,4,3,2,2,,,,,,,,,,,,,,,
Par,Siltamäki,Updated,2020-01-11 14:30,53,,3,3,3,3,3,3,3,3,3,3,3,3,3,3,3,3,3,2,,,,,,
Kimmo,Siltamäki,Updated,2020-01-11 14:30,65,12,3,6,2,4,4,4,3,5,4,4,3,4,4,4,3,3,3,2,,,,,,
Saikkis,Siltamäki,Updated,2020-01-11 14:30,65,12,4,4,3,2,3,2,3,4,6,4,3,5,5,4,2,4,5,2,,,,,,
Jouni,Siltamäki,Updated,2020-01-11 14:30,57,4,3,3,3,3,3,3,2,4,4,3,3,5,3,3,3,3,3,3,,,,,,
Par,Malminiitty,Vakio layout,2019-10-07 20:58,27,,3,3,3,3,3,3,3,3,3,,,,,,,,,,,,,,,
Kimmo,Malminiitty,Vakio layout,2019-10-07 20:58,34,7,3,3,4,4,3,5,4,4,4,,,,,,,,,,,,,,,
Emma,Malminiitty,Vakio layout,2019-10-07 20:58,32,5,3,3,3,3,4,5,4,4,3,,,,,,,,,,,,,,,
Jouni,Malminiitty,Vakio layout,2019-10-07 20:58,25,-2,2,3,3,3,3,2,3,3,3,,,,,,,,,,,,,,,
Saikkis,Malminiitty,Vakio layout,2019-10-07 20:58,30,3,3,3,3,3,3,3,4,5,3,,,,,,,,,,,,,,,
Par,Malminiitty,Vakio layout,2019-10-07 19:53,27,,3,3,3,3,3,3,3,3,3,,,,,,,,,,,,,,,
Kimmo,Malminiitty,Vakio layout,2019-10-07 19:53,30,3,3,2,3,3,3,3,4,5,4,,,,,,,,,,,,,,,
Emma,Malminiitty,Vakio layout,2019-10-07 19:53,33,6,3,3,3,3,5,4,5,4,3,,,,,,,,,,,,,,,
Jouni,Malminiitty,Vakio layout,2019-10-07 19:53,22,-5,2,3,2,2,3,2,3,3,2,,,,,,,,,,,,,,,
Saikkis,Malminiitty,Vakio layout,2019-10-07 19:53,26,-1,2,4,2,2,3,3,3,4,3,,,,,,,,,,,,,,,
Par,Siltamäki,Updated,2019-10-05 13:48,53,,3,3,3,3,3,3,3,3,3,3,3,3,3,3,3,3,3,2,,,,,,
Kimmo,Siltamäki,Updated,2019-10-05 13:48,69,16,3,6,3,3,4,4,3,5,5,3,3,4,4,3,2,5,4,5,,,,,,
Jouni,Siltamäki,Updated,2019-10-05 13:48,57,4,3,3,2,3,4,3,4,5,4,2,3,3,3,3,3,4,3,2,,,,,,
Saikkis,Siltamäki,Updated,2019-10-05 13:48,60,7,4,3,3,3,3,3,3,5,3,4,3,3,4,3,3,4,3,3,,,,,,
Par,Oittaan Ulkoilualue,Standard 2018,2019-09-28 17:53,56,,3,3,3,4,3,3,3,3,4,3,3,3,3,3,3,3,3,3,,,,,,
Kimmo,Oittaan Ulkoilualue,Standard 2018,2019-09-28 17:53,70,14,4,4,3,6,4,4,4,3,4,4,4,3,4,3,3,4,5,4,,,,,,
Jouni,Oittaan Ulkoilualue,Standard 2018,2019-09-28 17:53,56,0,3,4,3,5,3,2,3,3,4,3,2,3,3,3,3,4,3,2,,,,,,
Saikkis,Oittaan Ulkoilualue,Standard 2018,2019-09-28 17:53,61,5,3,4,3,4,5,3,3,3,5,4,3,2,3,3,4,3,3,3,,,,,,
Par,Oittaan Ulkoilualue,Standard 2018,2019-09-28 17:53,56,,3,3,3,4,3,3,3,3,4,3,3,3,3,3,3,3,3,3,,,,,,
Kimmo,Oittaan Ulkoilualue,Standard 2018,2019-09-28 17:53,70,14,4,4,3,6,4,4,4,3,4,4,4,3,4,3,3,4,5,4,,,,,,
Jouni,Oittaan Ulkoilualue,Standard 2018,2019-09-28 17:53,56,0,3,4,3,5,3,2,3,3,4,3,2,3,3,3,3,4,3,2,,,,,,
Saikkis,Oittaan Ulkoilualue,Standard 2018,2019-09-28 17:53,61,5,3,4,3,4,5,3,3,3,5,4,3,2,3,3,4,3,3,3,,,,,,
Par,Malminiitty,Vakio layout,2019-09-27 19:54,27,,3,3,3,3,3,3,3,3,3,,,,,,,,,,,,,,,
Kimmo,Malminiitty,Vakio layout,2019-09-27 19:54,34,7,3,3,5,3,3,6,3,4,4,,,,,,,,,,,,,,,
Emma,Malminiitty,Vakio layout,2019-09-27 19:54,35,8,4,4,3,3,4,5,4,4,4,,,,,,,,,,,,,,,
Jouni,Malminiitty,Vakio layout,2019-09-27 19:54,23,-4,2,2,2,3,3,2,3,3,3,,,,,,,,,,,,,,,
Saikkis,Malminiitty,Vakio layout,2019-09-27 19:54,25,-2,2,2,2,4,3,3,3,3,3,,,,,,,,,,,,,,,
Par,Simonkenttä,Main,2019-09-26 18:09,30,,3,3,3,3,3,3,3,3,3,3,,,,,,,,,,,,,,
Kimmo,Simonkenttä,Main,2019-09-26 18:09,34,4,4,3,3,3,3,4,4,3,3,4,,,,,,,,,,,,,,
Emma,Simonkenttä,Main,2019-09-26 18:09,39,9,4,4,4,3,4,4,3,5,3,5,,,,,,,,,,,,,,
Jouni,Simonkenttä,Main,2019-09-26 18:09,26,-4,3,3,3,2,2,3,2,3,3,2,,,,,,,,,,,,,,
Saikkis,Simonkenttä,Main,2019-09-26 18:09,27,-3,3,4,2,2,2,2,2,3,3,4,,,,,,,,,,,,,,
Par,Malminiitty,Vakio layout,2019-09-23 20:08,27,,3,3,3,3,3,3,3,3,3,,,,,,,,,,,,,,,
Kimmo,Malminiitty,Vakio layout,2019-09-23 20:08,32,5,3,3,5,3,3,4,4,3,4,,,,,,,,,,,,,,,
Emma,Malminiitty,Vakio layout,2019-09-23 20:08,31,4,4,3,4,4,3,4,3,3,3,,,,,,,,,,,,,,,
Jouni,Malminiitty,Vakio layout,2019-09-23 20:08,23,-4,2,2,2,3,2,3,4,2,3,,,,,,,,,,,,,,,
Saikkis,Malminiitty,Vakio layout,2019-09-23 20:08,29,2,3,3,3,3,5,3,3,3,3,,,,,,,,,,,,,,,
Par,Malminiitty,Vakio layout,2019-09-23 19:24,27,,3,3,3,3,3,3,3,3,3,,,,,,,,,,,,,,,
Kimmo,Malminiitty,Vakio layout,2019-09-23 19:24,26,-1,3,3,3,2,3,3,3,3,3,,,,,,,,,,,,,,,
Emma,Malminiitty,Vakio layout,2019-09-23 19:24,32,5,3,4,3,3,5,3,4,4,3,,,,,,,,,,,,,,,
Jouni,Malminiitty,Vakio layout,2019-09-23 19:24,21,-6,2,2,2,2,3,2,3,2,3,,,,,,,,,,,,,,,
Saikkis,Malminiitty,Vakio layout,2019-09-23 19:24,28,1,2,2,5,3,3,3,4,3,3,,,,,,,,,,,,,,,
Par,Malminiitty,Vakio layout,2019-09-23 18:43,27,,3,3,3,3,3,3,3,3,3,,,,,,,,,,,,,,,
Kimmo,Malminiitty,Vakio layout,2019-09-23 18:43,27,0,3,3,3,2,3,3,4,3,3,,,,,,,,,,,,,,,
Emma,Malminiitty,Vakio layout,2019-09-23 18:43,34,7,3,3,5,3,6,4,4,3,3,,,,,,,,,,,,,,,
Jouni,Malminiitty,Vakio layout,2019-09-23 18:43,22,-5,2,2,3,3,2,2,3,3,2,,,,,,,,,,,,,,,
Saikkis,Malminiitty,Vakio layout,2019-09-23 18:43,26,-1,2,3,3,3,3,4,3,2,3,,,,,,,,,,,,,,,
Par,Kivikko Frisbeegolf Park,Main,2019-09-21 12:55,56,,3,3,3,3,3,4,4,3,3,3,3,3,3,3,3,3,3,3,,,,,,
Kimmo,Kivikko Frisbeegolf Park,Main,2019-09-21 12:55,73,17,5,4,3,4,3,5,8,3,5,4,3,6,3,3,3,4,4,3,,,,,,
Jouni,Kivikko Frisbeegolf Park,Main,2019-09-21 12:55,61,5,5,4,3,4,3,5,5,3,3,3,3,3,3,3,2,3,3,3,,,,,,
Saikkis,Kivikko Frisbeegolf Park,Main,2019-09-21 12:55,59,3,3,4,3,3,2,4,5,4,3,4,3,3,3,3,3,3,3,3,,,,,,
Par,Siltamäki,Updated,2019-09-20 19:49,53,,3,3,3,3,3,3,3,3,3,3,3,3,3,3,3,3,3,2,,,,,,
Kimmo,Siltamäki,Updated,2019-09-20 19:49,64,11,3,4,4,3,3,3,4,4,4,3,4,4,4,3,4,4,4,2,,,,,,
Emma,Siltamäki,Updated,2019-09-20 19:49,78,25,4,5,3,4,4,4,4,5,6,5,6,4,5,5,3,5,4,2,,,,,,
Jouni,Siltamäki,Updated,2019-09-20 19:49,54,1,2,4,2,3,3,3,3,3,3,2,3,4,3,3,3,5,3,2,,,,,,
Saikkis,Siltamäki,Updated,2019-09-20 19:49,55,2,3,4,2,3,3,2,3,3,4,2,3,3,4,3,3,3,4,3,,,,,,
Par,Simonkenttä,Main,2019-09-18 19:33,30,,3,3,3,3,3,3,3,3,3,3,,,,,,,,,,,,,,
Kimmo,Simonkenttä,Main,2019-09-18 19:33,35,5,3,3,3,4,3,4,2,4,5,4,,,,,,,,,,,,,,
Emma,Simonkenttä,Main,2019-09-18 19:33,39,9,4,5,4,5,4,3,3,4,3,4,,,,,,,,,,,,,,
Jouni,Simonkenttä,Main,2019-09-18 19:33,27,-3,2,4,3,3,2,2,2,3,3,3,,,,,,,,,,,,,,
Saikkis,Simonkenttä,Main,2019-09-18 19:33,33,3,3,3,2,3,3,4,4,3,4,4,,,,,,,,,,,,,,
Par,Malminiitty,Vakio layout,2019-09-14 20:54,27,,3,3,3,3,3,3,3,3,3,,,,,,,,,,,,,,,
Kimmo,Malminiitty,Vakio layout,2019-09-14 20:54,28,1,3,3,3,3,3,4,3,3,3,,,,,,,,,,,,,,,
Jouni,Malminiitty,Vakio layout,2019-09-14 20:54,23,-4,2,2,2,2,2,2,4,2,5,,,,,,,,,,,,,,,
Par,Malminiitty,Vakio layout,2019-09-14 20:13,27,,3,3,3,3,3,3,3,3,3,,,,,,,,,,,,,,,
Kimmo,Malminiitty,Vakio layout,2019-09-14 20:13,32,5,3,4,3,3,3,4,4,4,4,,,,,,,,,,,,,,,
Jouni,Malminiitty,Vakio layout,2019-09-14 20:13,25,-2,3,3,3,3,3,2,3,3,2,,,,,,,,,,,,,,,
Par,Malminiitty,Vakio layout,2019-09-14 19:33,27,,3,3,3,3,3,3,3,3,3,,,,,,,,,,,,,,,
Kimmo,Malminiitty,Vakio layout,2019-09-14 19:33,31,4,3,3,5,2,3,4,4,4,3,,,,,,,,,,,,,,,
Jouni,Malminiitty,Vakio layout,2019-09-14 19:33,27,0,3,3,3,3,4,3,3,3,2,,,,,,,,,,,,,,,
Par,Ristikivi Discgolf,18,2019-09-12 19:09,57,,3,4,3,3,3,4,3,3,3,3,3,3,3,3,3,3,3,4,,,,,,
Kimmo,Ristikivi Discgolf,18,2019-09-12 19:09,76,19,3,6,4,5,5,4,6,4,3,3,4,4,4,5,4,3,4,5,,,,,,
Emma,Ristikivi Discgolf,18,2019-09-12 19:09,98,41,4,7,5,5,5,6,7,4,5,4,7,5,7,6,4,5,5,7,,,,,,
Jouni,Ristikivi Discgolf,18,2019-09-12 19:09,59,2,3,3,3,3,2,4,4,3,3,2,4,4,3,3,3,4,3,5,,,,,,
Saikkis,Ristikivi Discgolf,18,2019-09-12 19:09,65,8,3,4,4,3,2,4,3,5,4,3,5,3,5,4,3,3,3,4,,,,,,
Mikko,Ristikivi Discgolf,18,2019-09-12 19:09,70,13,4,4,5,3,4,5,6,4,5,3,3,4,4,3,3,3,3,4,,,,,,
Par,Malminiitty,Vakio layout,2019-09-09 20:09,27,,3,3,3,3,3,3,3,3,3,,,,,,,,,,,,,,,
Kimmo,Malminiitty,Vakio layout,2019-09-09 20:09,29,2,3,3,4,4,4,3,3,3,2,,,,,,,,,,,,,,,
Emma,Malminiitty,Vakio layout,2019-09-09 20:09,34,7,3,3,5,3,4,4,4,5,3,,,,,,,,,,,,,,,
Jouni,Malminiitty,Vakio layout,2019-09-09 20:09,24,-3,3,2,3,2,3,2,3,3,3,,,,,,,,,,,,,,,
Saikkis,Malminiitty,Vakio layout,2019-09-09 20:09,29,2,3,3,3,4,3,3,4,3,3,,,,,,,,,,,,,,,
Par,Malminiitty,Vakio layout,2019-09-09 19:25,27,,3,3,3,3,3,3,3,3,3,,,,,,,,,,,,,,,
Kimmo,Malminiitty,Vakio layout,2019-09-09 19:25,29,2,3,3,3,2,3,3,6,3,3,,,,,,,,,,,,,,,
Emma,Malminiitty,Vakio layout,2019-09-09 19:25,36,9,3,4,5,4,4,5,4,4,3,,,,,,,,,,,,,,,
Jouni,Malminiitty,Vakio layout,2019-09-09 19:25,23,-4,2,4,3,2,3,2,3,2,2,,,,,,,,,,,,,,,
Saikkis,Malminiitty,Vakio layout,2019-09-09 19:25,25,-2,3,2,3,3,2,3,2,4,3,,,,,,,,,,,,,,,
Par,Munkkiniemi,Munkkiniemi 19,2019-09-06 19:58,27,,3,3,3,3,3,3,3,3,3,,,,,,,,,,,,,,,
Kimmo,Munkkiniemi,Munkkiniemi 19,2019-09-06 19:58,35,8,4,3,2,4,4,6,5,4,3,,,,,,,,,,,,,,,
Emma,Munkkiniemi,Munkkiniemi 19,2019-09-06 19:58,44,17,5,4,4,5,4,7,6,4,5,,,,,,,,,,,,,,,
Saikkis,Munkkiniemi,Munkkiniemi 19,2019-09-06 19:58,34,7,3,3,3,4,4,5,5,3,4,,,,,,,,,,,,,,,
Jouni,Munkkiniemi,Munkkiniemi 19,2019-09-06 19:58,31,4,4,3,2,4,3,5,4,3,3,,,,,,,,,,,,,,,
Henkka,Munkkiniemi,Munkkiniemi 19,2019-09-06 19:58,30,3,3,3,3,4,3,5,3,3,3,,,,,,,,,,,,,,,
Par,Kartanonkoski MultiGolfPark,Main,2019-09-04 20:29,27,,3,3,3,3,3,3,3,3,3,,,,,,,,,,,,,,,
Kimmo,Kartanonkoski MultiGolfPark,Main,2019-09-04 20:29,30,3,4,2,3,2,3,3,5,3,5,,,,,,,,,,,,,,,
Emma,Kartanonkoski MultiGolfPark,Main,2019-09-04 20:29,27,0,3,3,3,3,3,3,3,2,4,,,,,,,,,,,,,,,
Jouni,Kartanonkoski MultiGolfPark,Main,2019-09-04 20:29,22,-5,2,3,3,2,3,2,2,2,3,,,,,,,,,,,,,,,
Par,Kartanonkoski MultiGolfPark,Main,2019-09-04 19:48,27,,3,3,3,3,3,3,3,3,3,,,,,,,,,,,,,,,
Kimmo,Kartanonkoski MultiGolfPark,Main,2019-09-04 19:48,26,-1,3,2,3,2,2,3,3,4,4,,,,,,,,,,,,,,,
Emma,Kartanonkoski MultiGolfPark,Main,2019-09-04 19:48,30,3,3,3,3,3,4,3,3,4,4,,,,,,,,,,,,,,,
Jouni,Kartanonkoski MultiGolfPark,Main,2019-09-04 19:48,22,-5,2,2,3,3,2,3,2,2,3,,,,,,,,,,,,,,,
Par,Kartanonkoski MultiGolfPark,Main,2019-09-04 19:14,27,,3,3,3,3,3,3,3,3,3,,,,,,,,,,,,,,,
Kimmo,Kartanonkoski MultiGolfPark,Main,2019-09-04 19:14,27,0,4,2,3,2,2,3,4,3,4,,,,,,,,,,,,,,,
Emma,Kartanonkoski MultiGolfPark,Main,2019-09-04 19:14,28,1,3,3,3,3,3,3,3,3,4,,,,,,,,,,,,,,,
Jouni,Kartanonkoski MultiGolfPark,Main,2019-09-04 19:14,20,-7,2,3,3,2,2,2,2,2,2,,,,,,,,,,,,,,,
Par,Varistonniitty,Main,2019-08-31 18:23,60,,3,3,3,4,4,3,3,3,3,4,4,3,3,3,4,4,3,3,,,,,,
Kimmo,Varistonniitty,Main,2019-08-31 18:23,92,32,5,5,5,5,4,3,5,4,4,6,5,5,4,5,9,6,4,8,,,,,,
Emma,Varistonniitty,Main,2019-08-31 18:23,116,56,6,5,6,7,8,5,5,5,5,10,8,8,5,5,8,9,4,7,,,,,,
Saikkis,Varistonniitty,Main,2019-08-31 18:23,83,23,4,4,4,7,4,3,3,4,4,7,4,4,4,5,8,5,4,5,,,,,,
Jouni,Varistonniitty,Main,2019-08-31 18:23,71,11,3,3,5,4,4,3,3,2,4,5,5,4,3,5,6,5,3,4,,,,,,
Par,Puolarmaari,Standard,2019-08-30 16:59,60,,3,3,3,3,3,3,3,3,3,3,3,3,3,3,3,3,3,3,3,3,,,,
Kimmo,Puolarmaari,Standard,2019-08-30 16:59,69,9,5,3,2,3,5,3,4,4,4,3,2,3,3,4,3,4,5,3,3,3,,,,
Saikkis,Puolarmaari,Standard,2019-08-30 16:59,63,3,3,3,2,3,3,5,2,2,5,2,3,4,4,3,4,3,3,3,2,4,,,,
Jouni,Puolarmaari,Standard,2019-08-30 16:59,62,2,3,4,3,3,3,2,3,4,3,3,3,2,4,4,3,4,3,3,3,2,,,,
Par,Malminiitty,Vakio layout,2019-08-29 21:11,27,,3,3,3,3,3,3,3,3,3,,,,,,,,,,,,,,,
Kimmo,Malminiitty,Vakio layout,2019-08-29 21:11,30,3,3,3,4,2,3,4,4,4,3,,,,,,,,,,,,,,,
Emma,Malminiitty,Vakio layout,2019-08-29 21:11,36,9,3,3,5,4,6,3,4,4,4,,,,,,,,,,,,,,,
Jouni,Malminiitty,Vakio layout,2019-08-29 21:11,26,-1,2,3,3,3,3,4,3,2,3,,,,,,,,,,,,,,,
Par,Kartanonkoski MultiGolfPark,Main,2019-08-28 19:39,27,,3,3,3,3,3,3,3,3,3,,,,,,,,,,,,,,,
Kimmo,Kartanonkoski MultiGolfPark,Main,2019-08-28 19:39,24,-3,3,2,3,2,2,2,4,2,4,,,,,,,,,,,,,,,
Saikkis,Kartanonkoski MultiGolfPark,Main,2019-08-28 19:39,24,-3,3,2,2,3,2,3,4,2,3,,,,,,,,,,,,,,,
Jouni,Kartanonkoski MultiGolfPark,Main,2019-08-28 19:39,19,-8,2,2,3,2,2,2,2,2,2,,,,,,,,,,,,,,,
Par,Kartanonkoski MultiGolfPark,Main,2019-08-28 18:52,27,,3,3,3,3,3,3,3,3,3,,,,,,,,,,,,,,,
Kimmo,Kartanonkoski MultiGolfPark,Main,2019-08-28 18:52,27,0,4,3,3,3,2,2,4,2,4,,,,,,,,,,,,,,,
Saikkis,Kartanonkoski MultiGolfPark,Main,2019-08-28 18:52,25,-2,2,3,3,3,3,3,3,2,3,,,,,,,,,,,,,,,
Jouni,Kartanonkoski MultiGolfPark,Main,2019-08-28 18:52,22,-5,2,3,2,2,2,3,2,3,3,,,,,,,,,,,,,,,
Par,Siltamäki,Updated,2019-08-28 16:39,53,,3,3,3,3,3,3,3,3,3,3,3,3,3,3,3,3,3,2,,,,,,
Kimmo,Siltamäki,Updated,2019-08-28 16:39,65,12,4,4,3,2,3,4,3,5,5,3,3,5,4,3,3,4,4,3,,,,,,
Emma,Siltamäki,Updated,2019-08-28 16:39,38,14,4,7,7,3,5,4,4,4,0,0,0,0,0,0,0,0,0,0,,,,,,
Saikkis,Siltamäki,Updated,2019-08-28 16:39,59,6,5,3,3,3,2,3,3,4,4,4,3,4,3,2,3,3,4,3,,,,,,
Jouni,Siltamäki,Updated,2019-08-28 16:39,55,2,3,3,3,2,2,3,4,4,6,2,3,3,3,3,2,3,3,3,,,,,,
Par,Malminiitty,Vakio layout,2019-08-16 22:11,27,,3,3,3,3,3,3,3,3,3,,,,,,,,,,,,,,,
Kimmo,Malminiitty,Vakio layout,2019-08-16 22:11,28,1,3,3,4,3,3,3,4,2,3,,,,,,,,,,,,,,,
Emma,Malminiitty,Vakio layout,2019-08-16 22:11,36,9,4,4,5,4,4,4,4,3,4,,,,,,,,,,,,,,,
Jouni,Malminiitty,Vakio layout,2019-08-16 22:11,23,-4,2,3,2,3,2,3,3,3,2,,,,,,,,,,,,,,,
Saikkis,Malminiitty,Vakio layout,2019-08-16 22:11,28,1,3,3,3,3,4,4,3,2,3,,,,,,,,,,,,,,,
Henkka,Malminiitty,Vakio layout,2019-08-16 22:11,24,-3,2,2,2,3,3,3,3,3,3,,,,,,,,,,,,,,,
Teemu,Malminiitty,Vakio layout,2019-08-16 22:11,30,3,3,3,4,3,3,3,4,4,3,,,,,,,,,,,,,,,
Par,Malminiitty,Vakio layout,2019-08-16 19:56,27,,3,3,3,3,3,3,3,3,3,,,,,,,,,,,,,,,
Kimmo,Malminiitty,Vakio layout,2019-08-16 19:56,32,5,2,3,3,3,6,3,4,4,4,,,,,,,,,,,,,,,
Emma,Malminiitty,Vakio layout,2019-08-16 19:56,35,8,3,3,4,4,4,4,5,4,4,,,,,,,,,,,,,,,
Jouni,Malminiitty,Vakio layout,2019-08-16 19:56,24,-3,3,3,2,2,3,3,3,3,2,,,,,,,,,,,,,,,
Saikkis,Malminiitty,Vakio layout,2019-08-16 19:56,25,-2,3,3,3,2,3,2,3,3,3,,,,,,,,,,,,,,,
Teemu,Malminiitty,Vakio layout,2019-08-16 19:56,29,2,2,3,4,2,3,3,4,3,5,,,,,,,,,,,,,,,
Henkka,Malminiitty,Vakio layout,2019-08-16 19:56,23,-4,2,2,2,2,3,3,3,3,3,,,,,,,,,,,,,,,
Par,Malminiitty,Vakio layout,2019-08-15 18:56,27,,3,3,3,3,3,3,3,3,3,,,,,,,,,,,,,,,
Kimmo,Malminiitty,Vakio layout,2019-08-15 18:56,29,2,3,3,3,3,3,4,3,3,4,,,,,,,,,,,,,,,
Emma,Malminiitty,Vakio layout,2019-08-15 18:56,39,12,4,4,4,3,6,4,6,4,4,,,,,,,,,,,,,,,
Jouni,Malminiitty,Vakio layout,2019-08-15 18:56,26,-1,2,3,2,3,3,4,3,3,3,,,,,,,,,,,,,,,
Par,Malminiitty,Vakio layout,2019-08-12 19:25,27,,3,3,3,3,3,3,3,3,3,,,,,,,,,,,,,,,
Kimmo,Malminiitty,Vakio layout,2019-08-12 19:25,30,3,3,4,3,3,5,4,3,2,3,,,,,,,,,,,,,,,
Emma,Malminiitty,Vakio layout,2019-08-12 19:25,35,8,4,3,4,3,5,5,4,4,3,,,,,,,,,,,,,,,
Jouni,Malminiitty,Vakio layout,2019-08-12 19:25,24,-3,2,2,3,3,3,3,3,2,3,,,,,,,,,,,,,,,
Par,Kartanonkoski MultiGolfPark,Main,2019-08-10 23:44,27,,3,3,3,3,3,3,3,3,3,,,,,,,,,,,,,,,
Kimmo,Kartanonkoski MultiGolfPark,Main,2019-08-10 23:44,26,-1,3,2,3,3,3,2,4,3,3,,,,,,,,,,,,,,,
Jouni,Kartanonkoski MultiGolfPark,Main,2019-08-10 23:44,21,-6,2,3,2,3,2,2,2,2,3,,,,,,,,,,,,,,,
Par,Kartanonkoski MultiGolfPark,Main,2019-08-10 22:44,27,,3,3,3,3,3,3,3,3,3,,,,,,,,,,,,,,,
Kimmo,Kartanonkoski MultiGolfPark,Main,2019-08-10 22:44,23,-4,2,2,3,2,2,3,3,2,4,,,,,,,,,,,,,,,
Emma,Kartanonkoski MultiGolfPark,Main,2019-08-10 22:44,31,4,3,3,4,3,4,3,4,3,4,,,,,,,,,,,,,,,
Jouni,Kartanonkoski MultiGolfPark,Main,2019-08-10 22:44,23,-4,2,2,3,3,2,3,2,3,3,,,,,,,,,,,,,,,
Par,Simonkenttä,Main,2019-07-11 20:16,30,,3,3,3,3,3,3,3,3,3,3,,,,,,,,,,,,,,
Kimmo,Simonkenttä,Main,2019-07-11 20:16,34,4,3,4,3,3,3,4,3,4,3,4,,,,,,,,,,,,,,
Jouni,Simonkenttä,Main,2019-07-11 20:16,27,-3,2,3,2,2,3,3,3,2,3,4,,,,,,,,,,,,,,
Saikkis,Simonkenttä,Main,2019-07-11 20:16,30,0,3,3,3,3,3,4,2,3,3,3,,,,,,,,,,,,,,
